Date,Day,Month,Year,dayName,dayOfWeek,Open_BA,High_BA,Low_BA,Close_BA,Adj_Close_BA,Volume_BA,Open_AIR,High_AIR,Low_AIR,Close_AIR,Adj_Close_AIR,Volume_AIR
2018-01-02,2,1,2018,Tuesday,2,295.75,296.98999,295.399994,296.839996,282.886383,2978900,83.029999,83.480003,82.220001,82.75,75.543617,1372454
2018-01-03,3,1,2018,Wednesday,3,295.940002,298.5,295.470001,297.799988,283.8013,3211200,83.0,84.650002,82.860001,84.120003,76.794312,1623702
2018-01-04,4,1,2018,Thursday,4,297.940002,298.420013,295.470001,296.670013,282.724396,4171700,84.190002,86.089996,84.190002,85.82,78.34626,1796349
2018-01-05,5,1,2018,Friday,5,296.769989,308.890015,296.720001,308.839996,294.322327,6177700,86.230003,86.230003,84.419998,85.599998,78.145424,1689901
2018-01-08,8,1,2018,Monday,1,308.660004,310.859985,305.75,310.149994,295.57077,4124900,85.830002,86.620003,85.800003,86.620003,79.076591,1330866
2018-01-09,9,1,2018,Tuesday,2,310.589996,319.910004,310.48999,318.429993,303.461487,5641300,86.309998,87.25,86.309998,86.879997,79.31395,1117093
2018-01-10,10,1,2018,Wednesday,3,317.48999,322.149994,315.5,320.26001,305.205536,4479300,86.849998,90.279999,86.529999,90.269997,82.408722,2630181
2018-01-11,11,1,2018,Thursday,4,322.130005,328.399994,321.190002,328.119995,312.696014,4635300,90.410004,91.900002,89.910004,90.019997,82.180496,2816239
2018-01-12,12,1,2018,Friday,5,330.380005,336.880005,330.380005,336.209991,320.405731,6559300,90.410004,90.75,89.900002,90.400002,82.527412,1301019
2018-01-16,16,1,2018,Tuesday,2,339.899994,347.730011,331.329987,335.160004,319.40506,12305500,89.900002,90.269997,89.650002,89.970001,82.134857,1621132
2018-01-17,17,1,2018,Wednesday,3,337.730011,352.230011,336.410004,351.01001,334.51004,9699900,89.370003,90.300003,89.25,89.739998,81.924881,1287333
2018-01-18,18,1,2018,Thursday,4,350.700012,350.829987,339.149994,340.160004,324.170074,9458600,90.489998,92.559998,90.019997,90.400002,82.527412,2656032
2018-01-19,19,1,2018,Friday,5,341.670013,344.0,335.75,337.730011,321.854248,7264400,90.940002,92.879997,90.870003,92.790001,84.709267,2523329
2018-01-22,22,1,2018,Monday,1,335.290009,341.380005,332.040009,338.0,322.111603,6792900,93.0,93.519997,92.610001,93.25,85.129211,1866217
2018-01-23,23,1,2018,Tuesday,2,338.339996,338.940002,334.809998,335.589996,319.81488,4537800,94.0,94.0,91.739998,92.099998,84.079361,1848638
2018-01-24,24,1,2018,Wednesday,3,336.200012,338.98999,334.140015,334.690002,318.957184,4205400,92.059998,92.339996,90.480003,90.5,82.618706,1770657
2018-01-25,25,1,2018,Thursday,4,336.209991,343.619995,335.299988,343.109985,326.981354,4747500,90.5,90.790001,87.279999,88.0,80.336411,2766900
2018-01-26,26,1,2018,Friday,5,344.329987,345.980011,341.25,343.220001,327.086212,5236300,88.260002,89.760002,88.07,89.559998,81.760567,1688553
2018-01-29,29,1,2018,Monday,1,341.230011,344.480011,340.100006,340.820007,324.799042,3324900,90.5,90.839996,89.639999,90.419998,82.545662,1589726
2018-01-30,30,1,2018,Tuesday,2,339.170013,339.980011,334.160004,337.709991,321.835175,4983100,90.120003,90.919998,89.330002,89.800003,81.97966,1353425
2018-01-31,31,1,2018,Wednesday,3,360.5,360.970001,351.619995,354.369995,337.712128,11409600,90.010002,92.769997,90.0,92.5,84.444534,2051737
2018-02-01,1,2,2018,Thursday,4,352.950012,361.450012,352.040009,356.940002,340.161316,6067600,93.099998,93.199997,90.730003,91.169998,83.230354,1963564
2018-02-02,2,2,2018,Friday,5,354.0,355.200012,348.700012,348.910004,332.508728,5486100,89.360001,90.279999,87.129997,87.970001,80.309021,2700960
2018-02-05,5,2,2018,Monday,1,342.670013,350.0,317.390015,328.880005,313.420258,10511300,87.190002,87.190002,85.32,86.599998,79.058334,2275453
2018-02-06,6,2,2018,Tuesday,2,320.0,341.670013,317.649994,340.910004,324.884827,11935100,83.519997,87.139999,82.050003,85.010002,77.606804,4166870
2018-02-07,7,2,2018,Wednesday,3,340.519989,353.589996,339.869995,348.119995,331.75589,7946700,86.059998,88.459999,85.110001,88.400002,80.701576,2662190
2018-02-08,8,2,2018,Thursday,4,348.0,349.0,329.399994,329.660004,315.714447,8295900,87.769997,88.059998,85.230003,85.510002,78.063255,2627891
2018-02-09,9,2,2018,Friday,5,333.549988,337.809998,319.25,332.829987,318.750336,8833000,84.910004,85.440002,82.019997,83.540001,76.264824,3554261
2018-02-12,12,2,2018,Monday,1,336.570007,347.75,335.130005,343.799988,329.256226,6885000,84.0,84.0,82.169998,82.519997,75.333656,2890116
2018-02-13,13,2,2018,Tuesday,2,340.450012,347.880005,340.290009,343.160004,328.643372,4030200,82.519997,84.010002,82.459999,83.150002,75.908791,2150253
2018-02-14,14,2,2018,Wednesday,3,341.339996,347.429993,341.170013,344.850006,330.261902,4340200,83.919998,84.480003,81.330002,84.169998,76.839951,2325684
2018-02-15,15,2,2018,Thursday,4,348.470001,356.549988,348.049988,356.459991,341.380737,5827500,90.5,93.470001,89.779999,92.82,84.736656,5873239
2018-02-16,16,2,2018,Friday,5,356.589996,359.5,353.51001,355.040009,340.020813,5211600,93.370003,95.599998,93.209999,95.529999,87.210655,3480413
2018-02-20,20,2,2018,Tuesday,2,352.0,357.790009,351.399994,353.350006,338.402283,4303400,94.510002,97.470001,94.209999,96.989998,88.543518,2250827
2018-02-21,21,2,2018,Wednesday,3,352.559998,360.809998,351.75,352.369995,337.463745,5258600,97.470001,97.860001,96.900002,97.660004,89.155159,2045573
2018-02-22,22,2,2018,Thursday,4,354.649994,358.070007,352.640015,355.920013,340.863617,3414300,97.199997,98.0,97.010002,97.699997,89.191673,1946425
2018-02-23,23,2,2018,Friday,5,358.179993,358.769989,353.070007,356.660004,341.572296,3355400,97.940002,98.300003,97.330002,98.300003,89.739426,1401492
2018-02-26,26,2,2018,Monday,1,359.5,364.049988,358.209991,363.480011,348.10379,4148100,98.5,99.660004,98.290001,98.940002,90.3237,1886721
2018-02-27,27,2,2018,Tuesday,2,364.600006,369.890015,363.299988,364.640015,349.214752,4774100,99.050003,99.970001,98.349998,98.709999,90.113716,2326711
2018-02-28,28,2,2018,Wednesday,3,366.799988,371.600006,362.209991,362.209991,346.887451,5472900,98.18,98.980003,97.75,98.339996,89.775932,1718890
2018-03-01,1,3,2018,Thursday,4,362.329987,362.73999,346.399994,349.690002,334.897125,8978000,98.169998,98.790001,96.139999,97.099998,88.643929,1760776
2018-03-02,2,3,2018,Friday,5,341.820007,346.089996,335.299988,344.670013,330.089508,10021300,95.800003,95.879997,93.57,93.949997,85.768257,2660441
2018-03-05,5,3,2018,Monday,1,338.0,354.769989,336.609985,352.75,337.827667,8140200,93.480003,95.989998,93.339996,95.75,87.411499,1883059
2018-03-06,6,3,2018,Tuesday,2,354.23999,355.209991,346.019989,348.920013,334.159698,4888300,96.239998,97.389999,95.870003,96.120003,87.749275,2005926
2018-03-07,7,3,2018,Wednesday,3,341.519989,348.410004,339.5,347.040009,332.359222,4575700,95.699997,96.540001,95.199997,95.720001,87.384117,1496982
2018-03-08,8,3,2018,Thursday,4,349.51001,352.5,343.950012,348.730011,333.977753,4319900,95.690002,97.470001,95.099998,97.089996,88.634804,1708289
2018-03-09,9,3,2018,Friday,5,352.649994,354.890015,350.230011,354.519989,339.522797,3538300,96.839996,98.540001,96.660004,98.330002,89.766808,1667528
2018-03-12,12,3,2018,Monday,1,355.200012,355.230011,343.26001,344.190002,329.629791,6088800,98.5,98.599998,95.760002,95.870003,87.521049,1824223
2018-03-13,13,3,2018,Tuesday,2,345.320007,347.880005,337.609985,338.670013,324.343323,5443800,96.279999,97.269997,95.160004,95.660004,87.329346,1460828
2018-03-14,14,3,2018,Wednesday,3,339.790009,340.519989,322.299988,330.26001,316.289093,13057900,95.489998,96.75,94.879997,95.25,86.955048,1548763
2018-03-15,15,3,2018,Thursday,4,332.299988,332.920013,322.910004,329.980011,316.020935,8766000,96.0,97.230003,95.449997,96.839996,88.406563,1492138
2018-03-16,16,3,2018,Friday,5,329.820007,330.829987,325.630005,330.470001,316.490143,9329000,96.449997,97.379997,95.690002,96.0,87.639725,4240400
2018-03-19,19,3,2018,Monday,1,327.450012,333.329987,326.779999,331.76001,317.725647,6328900,96.0,96.139999,93.959999,94.43,86.206436,1454271
2018-03-20,20,3,2018,Tuesday,2,331.839996,339.700012,331.0,337.630005,323.34726,6500500,94.739998,97.260002,94.309998,96.43,88.03228,1527789
2018-03-21,21,3,2018,Wednesday,3,337.070007,341.910004,335.170013,337.100006,322.839691,4056300,96.269997,96.309998,94.75,95.510002,87.192398,1306085
2018-03-22,22,3,2018,Thursday,4,330.109985,332.679993,319.01001,319.609985,306.0896,7282200,95.0,95.459999,92.779999,94.629997,86.38903,2307587
2018-03-23,23,3,2018,Friday,5,320.149994,331.140015,318.320007,321.0,307.420807,7237500,93.550003,94.300003,91.870003,92.919998,84.82795,2232114
2018-03-26,26,3,2018,Monday,1,330.480011,331.940002,323.589996,328.970001,315.053619,5392900,92.93,93.779999,92.099998,92.879997,84.791428,2156370
2018-03-27,27,3,2018,Tuesday,2,331.51001,334.880005,319.0,321.119995,307.535706,5355500,94.639999,95.480003,94.0,95.099998,86.8181,1603029
2018-03-28,28,3,2018,Wednesday,3,321.850006,323.23999,311.170013,320.019989,306.482269,5634700,93.889999,94.410004,92.620003,93.980003,85.795639,2342711
2018-03-29,29,3,2018,Thursday,4,323.380005,330.480011,322.0,327.880005,314.009705,3652100,94.480003,95.07,93.620003,93.800003,85.63131,1787075
2018-04-03,3,4,2018,Tuesday,2,324.76001,331.100006,323.089996,330.820007,316.825378,4783100,92.879997,94.050003,91.550003,93.599998,85.44873,1394820
2018-04-04,4,4,2018,Wednesday,3,312.299988,327.809998,311.880005,327.440002,313.588379,8235700,93.230003,94.529999,92.129997,92.809998,84.727524,2566788
2018-04-05,5,4,2018,Thursday,4,330.589996,338.959991,330.26001,336.399994,322.169342,6220000,94.620003,94.919998,94.220001,94.870003,86.608139,2241922
2018-04-06,6,4,2018,Friday,5,330.609985,334.589996,322.209991,326.119995,312.324158,5713600,94.760002,94.769997,93.93,94.400002,86.179062,1011322
2018-04-09,9,4,2018,Monday,1,332.25,334.880005,322.049988,322.480011,308.838165,4931700,94.400002,95.279999,94.110001,94.400002,86.179062,1162527
2018-04-10,10,4,2018,Tuesday,2,331.350006,336.690002,329.549988,334.829987,320.66571,5552000,95.199997,95.419998,93.849998,95.419998,87.110237,1549328
2018-04-11,11,4,2018,Wednesday,3,331.600006,337.570007,326.309998,327.359985,313.511719,4573500,95.379997,95.589996,92.120003,92.43,84.38063,1962224
2018-04-12,12,4,2018,Thursday,4,331.980011,338.350006,330.459991,337.480011,323.203674,4325000,92.57,93.239998,90.230003,92.959999,84.864464,2055722
2018-04-13,13,4,2018,Friday,5,338.98999,339.670013,326.600006,329.279999,315.350525,4733500,93.0,94.120003,90.949997,91.5,83.531609,1848098
2018-04-16,16,4,2018,Monday,1,332.339996,333.220001,327.630005,331.769989,317.735138,3901400,90.279999,91.669998,90.230003,90.379997,83.8843,1286645
2018-04-17,17,4,2018,Tuesday,2,334.730011,339.73999,333.649994,336.720001,322.4758,3381800,90.760002,93.309998,90.410004,93.080002,86.390251,1799910
2018-04-18,18,4,2018,Wednesday,3,338.329987,342.399994,337.179993,341.0,326.574738,3117500,93.5,94.760002,93.230003,94.599998,87.80101,1675107
2018-04-19,19,4,2018,Thursday,4,340.190002,342.410004,337.5,340.640015,326.22995,3006800,94.980003,95.419998,93.629997,94.239998,87.466881,1129502
2018-04-20,20,4,2018,Friday,5,340.730011,341.399994,335.049988,338.670013,324.343323,3038000,95.029999,95.629997,94.029999,94.169998,87.401917,2037611
2018-04-23,23,4,2018,Monday,1,339.549988,341.26001,336.0,338.839996,324.506104,2765600,94.290001,96.339996,94.089996,96.160004,89.248886,1367855
2018-04-24,24,4,2018,Tuesday,2,343.170013,347.670013,323.279999,329.059998,315.139771,7051800,96.290001,97.099998,95.459999,96.709999,89.759361,1910574
2018-04-25,25,4,2018,Wednesday,3,338.119995,344.910004,330.519989,342.859985,328.356018,11023600,95.779999,96.029999,92.82,94.970001,88.144417,2341877
2018-04-26,26,4,2018,Thursday,4,344.01001,345.649994,338.329987,342.790009,328.289032,5273600,95.269997,95.910004,94.489998,95.5,88.636322,1789280
2018-04-27,27,4,2018,Friday,5,341.25,342.920013,337.769989,340.880005,326.459839,3390400,95.040001,97.949997,93.730003,96.93,89.963547,2214905
2018-04-30,30,4,2018,Monday,1,341.170013,342.579987,333.399994,333.559998,319.449463,3721600,96.849998,98.260002,96.470001,97.400002,90.399765,2205472
2018-05-02,2,5,2018,Wednesday,3,329.5,330.709991,323.980011,324.190002,310.475861,3436100,97.989998,98.529999,96.459999,98.07,91.021614,2075219
2018-05-03,3,5,2018,Thursday,4,322.970001,332.630005,319.130005,330.690002,316.700867,6383200,98.129997,98.470001,97.540001,98.059998,91.012329,1373661
2018-05-04,4,5,2018,Friday,5,328.040009,335.890015,328.040009,334.429993,320.282654,3655100,98.559998,98.879997,97.839996,98.690002,91.597054,1300971
2018-05-07,7,5,2018,Monday,1,335.230011,342.980011,335.209991,340.429993,326.028809,4192200,98.889999,100.419998,98.489998,100.419998,93.202721,1173678
2018-05-08,8,5,2018,Tuesday,2,339.769989,341.940002,336.609985,338.369995,324.056,4014100,100.199997,100.400002,99.419998,100.239998,93.035645,1126291
2018-05-09,9,5,2018,Wednesday,3,339.48999,346.929993,338.579987,344.5,329.926697,4347000,99.209999,99.550003,98.699997,99.160004,92.033272,1420703
2018-05-10,10,5,2018,Thursday,4,343.98999,348.570007,342.410004,344.070007,331.15863,3920400,99.120003,99.82,99.019997,99.629997,92.46949,789718
2018-05-11,11,5,2018,Friday,5,343.769989,345.420013,341.049988,342.459991,329.609039,2332200,99.699997,99.82,98.93,99.449997,92.302429,838606
2018-05-14,14,5,2018,Monday,1,344.0,347.73999,343.890015,344.589996,331.659119,2520300,98.699997,98.989998,96.360001,97.080002,90.102768,1726805
2018-05-15,15,5,2018,Tuesday,2,343.0,343.850006,340.26001,342.119995,329.281769,3009100,96.739998,97.980003,95.360001,96.25,89.33242,2059938
2018-05-16,16,5,2018,Wednesday,3,342.0,343.559998,340.299988,340.970001,328.174957,2230100,96.07,96.68,95.629997,96.389999,89.462349,1448715
2018-05-17,17,5,2018,Thursday,4,340.470001,344.769989,340.25,344.140015,331.225983,2483300,96.440002,97.980003,96.410004,97.980003,90.93808,1249890
2018-05-18,18,5,2018,Friday,5,345.600006,352.049988,345.190002,351.230011,338.049957,4327700,98.400002,98.419998,97.370003,97.839996,90.808144,2456175
2018-05-21,21,5,2018,Monday,1,358.459991,365.0,358.450012,363.920013,350.263763,6785400,98.529999,100.959999,98.440002,100.82,93.573967,1330566
2018-05-22,22,5,2018,Tuesday,2,364.0,364.850006,354.519989,355.019989,341.697693,5389400,101.0,101.099998,100.0,100.660004,93.425468,1362260
2018-05-23,23,5,2018,Wednesday,3,352.279999,359.600006,351.619995,359.209991,345.730469,4497500,100.440002,100.860001,98.57,98.959999,91.847641,1350053
2018-05-24,24,5,2018,Thursday,4,358.450012,360.660004,354.369995,359.0,345.528351,3932100,99.040001,99.489998,97.75,98.349998,91.281487,930778
2018-05-25,25,5,2018,Friday,5,358.119995,360.600006,357.049988,360.089996,346.577515,2463700,99.099998,99.82,97.540001,98.209999,91.15155,1281193
2018-05-29,29,5,2018,Tuesday,2,357.709991,360.970001,350.660004,352.480011,339.253082,4249600,96.440002,98.480003,95.620003,97.32,90.325516,1550186
2018-05-30,30,5,2018,Wednesday,3,355.649994,358.920013,354.100006,358.190002,344.748749,2825200,97.760002,97.760002,96.120003,96.730003,89.777924,1276639
2018-05-31,31,5,2018,Thursday,4,356.829987,356.829987,351.619995,352.160004,338.945038,4406300,97.18,98.239998,97.010002,97.309998,90.316231,2036282
2018-06-01,1,6,2018,Friday,5,355.790009,358.149994,354.459991,356.720001,343.333923,2657800,98.019997,99.669998,97.980003,99.389999,92.246735,1498403
2018-06-04,4,6,2018,Monday,1,358.970001,363.390015,358.850006,360.730011,347.193451,2950300,100.0,100.0,98.690002,99.559998,92.404526,1061667
2018-06-05,5,6,2018,Tuesday,2,360.5,363.369995,358.850006,360.100006,346.587128,2567800,99.269997,100.32,98.980003,98.980003,91.866211,1114674
2018-06-06,6,6,2018,Wednesday,3,362.459991,371.600006,360.98999,371.559998,357.617065,4488400,98.739998,100.0,98.610001,100.0,92.812897,1127330
2018-06-07,7,6,2018,Thursday,4,372.0,374.480011,366.049988,368.529999,354.700745,4517800,100.339996,101.099998,99.449997,99.650002,92.488052,1002940
2018-06-08,8,6,2018,Friday,5,368.140015,371.420013,365.459991,369.5,355.634338,3292900,99.400002,101.040001,98.610001,100.900002,93.648216,1391071
2018-06-11,11,6,2018,Monday,1,371.0,373.329987,368.799988,370.940002,357.020294,2468500,101.360001,101.900002,100.639999,100.900002,93.648216,1117898
2018-06-12,12,6,2018,Tuesday,2,371.23999,372.730011,367.98999,370.619995,356.712341,2440400,101.519997,101.540001,100.0,100.480003,93.258408,923524
2018-06-13,13,6,2018,Wednesday,3,370.670013,371.0,363.290009,363.850006,350.19635,3867600,100.5,100.959999,99.610001,100.18,92.979958,1087974
2018-06-14,14,6,2018,Thursday,4,366.149994,367.640015,358.829987,362.420013,348.820068,4039500,99.489998,104.739998,99.459999,104.559998,97.045166,2163334
2018-06-15,15,6,2018,Friday,5,358.149994,361.660004,353.470001,357.880005,344.450409,9946000,105.0,106.5,103.599998,103.599998,96.154167,2914883
2018-06-18,18,6,2018,Monday,1,353.190002,357.649994,352.369995,354.73999,341.428223,3363200,103.519997,103.519997,100.339996,101.900002,94.57634,1274617
2018-06-19,19,6,2018,Tuesday,2,347.170013,347.170013,338.570007,341.119995,328.319366,6857300,100.279999,100.540001,99.080002,100.339996,93.128464,1695805
2018-06-20,20,6,2018,Wednesday,3,346.0,346.980011,340.459991,342.690002,329.830475,4540000,100.760002,101.080002,99.82,99.879997,92.701523,1369803
2018-06-21,21,6,2018,Thursday,4,341.149994,341.149994,336.200012,337.660004,324.989166,4048300,100.379997,100.599998,98.400002,98.589996,91.504234,1692520
2018-06-22,22,6,2018,Friday,5,340.429993,340.940002,336.600006,338.910004,326.192291,3192000,99.620003,100.779999,99.410004,100.639999,93.406906,1430276
2018-06-25,25,6,2018,Monday,1,332.519989,333.850006,327.600006,331.200012,318.771637,5006200,99.949997,100.279999,96.860001,96.860001,89.898582,1074718
2018-06-26,26,6,2018,Tuesday,2,332.390015,334.399994,330.480011,331.299988,318.867859,3112400,98.370003,98.82,96.480003,96.480003,89.545891,1338259
2018-06-27,27,6,2018,Wednesday,3,334.850006,341.420013,329.76001,329.820007,317.44339,4578900,96.410004,99.660004,94.57,99.099998,91.977585,1779672
2018-06-28,28,6,2018,Thursday,4,330.0,337.540009,327.290009,334.649994,322.092133,3348000,98.68,99.550003,97.519997,98.120003,91.068024,1810824
2018-06-29,29,6,2018,Friday,5,337.190002,340.0,335.359985,335.51001,322.919891,3108500,99.949997,101.160004,99.849998,100.260002,93.054214,1495038
2018-07-02,2,7,2018,Monday,1,330.690002,336.329987,329.320007,336.079987,323.468414,2820700,97.650002,99.110001,97.029999,97.709999,90.687485,1658934
2018-07-03,3,7,2018,Tuesday,2,338.179993,339.690002,332.0,332.929993,320.436646,1464400,98.099998,98.599998,97.309998,97.760002,90.733894,1106359
2018-07-05,5,7,2018,Thursday,4,336.149994,337.279999,329.100006,333.179993,320.677246,2427900,98.25,99.0,97.650002,97.739998,90.715324,1337173
2018-07-06,6,7,2018,Friday,5,332.839996,336.100006,330.450012,334.640015,322.08252,2105100,97.75,98.940002,97.739998,98.5,91.420708,1425002
2018-07-09,9,7,2018,Monday,1,337.5,343.040009,336.51001,341.920013,329.089325,3128700,99.050003,99.68,98.830002,99.400002,92.256027,976457
2018-07-10,10,7,2018,Tuesday,2,342.779999,348.0,342.779999,347.160004,334.13269,3278300,100.300003,103.339996,100.300003,103.339996,95.912849,1898106
2018-07-11,11,7,2018,Wednesday,3,341.730011,344.390015,339.190002,340.600006,327.818848,3056900,102.699997,103.860001,102.120003,103.139999,95.727226,1448989
2018-07-12,12,7,2018,Thursday,4,345.279999,346.600006,342.73999,346.029999,333.045044,2030700,104.0,105.139999,103.199997,105.139999,97.583481,1617009
2018-07-13,13,7,2018,Friday,5,347.0,351.23999,346.200012,350.790009,337.626465,2272300,105.5,107.839996,105.5,107.400002,99.681061,1710296
2018-07-16,16,7,2018,Monday,1,353.970001,356.339996,352.350006,356.100006,342.737213,2889000,107.120003,107.720001,106.800003,106.940002,99.25412,843357
2018-07-17,17,7,2018,Tuesday,2,357.609985,359.0,355.040009,356.880005,343.487946,2730500,106.860001,108.199997,106.18,107.660004,99.922371,944038
2018-07-18,18,7,2018,Wednesday,3,359.0,361.859985,354.26001,360.230011,346.712219,3090100,107.839996,109.099998,107.139999,107.199997,99.49543,1338633
2018-07-19,19,7,2018,Thursday,4,357.690002,359.390015,355.26001,355.329987,341.996063,2711700,107.199997,107.440002,106.040001,107.080002,99.384064,1202954
2018-07-20,20,7,2018,Friday,5,353.040009,356.98999,353.0,354.899994,341.582214,1816700,107.779999,108.040001,104.620003,105.760002,98.15892,1932871
2018-07-23,23,7,2018,Monday,1,355.0,355.0,352.390015,353.269989,340.013397,1943700,105.059998,105.940002,104.760002,105.419998,97.843361,812845
2018-07-24,24,7,2018,Tuesday,2,356.75,359.470001,354.640015,358.269989,344.825775,3182000,105.699997,106.580002,105.260002,105.980003,98.363113,1020922
2018-07-25,25,7,2018,Wednesday,3,351.519989,356.299988,345.5,355.920013,342.563995,7378100,106.059998,106.68,104.620003,104.900002,97.360733,1352553
2018-07-26,26,7,2018,Thursday,4,355.380005,360.200012,355.269989,359.320007,345.836365,3191200,107.800003,111.160004,107.800003,109.620003,101.741501,2014197
2018-07-27,27,7,2018,Friday,5,361.059998,364.540009,359.470001,360.649994,347.116486,2914700,109.019997,109.279999,107.300003,109.199997,101.351677,1437079
2018-07-30,30,7,2018,Monday,1,361.98999,362.450012,350.470001,351.059998,337.886353,3080400,108.959999,108.959999,107.040001,107.080002,99.384064,872564
2018-07-31,31,7,2018,Tuesday,2,354.380005,359.019989,354.059998,356.299988,342.929688,2728400,107.199997,107.260002,105.760002,106.0,98.381668,1113224
2018-08-01,1,8,2018,Wednesday,3,354.089996,357.910004,350.5,352.76001,339.522552,2717800,106.120003,107.360001,105.919998,106.599998,98.93856,871755
2018-08-02,2,8,2018,Thursday,4,348.619995,350.730011,346.029999,349.730011,336.606262,2655900,106.300003,106.779999,105.900002,106.480003,98.827179,1467538
2018-08-03,3,8,2018,Friday,5,349.5,350.98999,345.670013,348.440002,335.364624,2285200,106.839996,107.980003,106.279999,107.760002,100.01519,887302
2018-08-06,6,8,2018,Monday,1,347.369995,347.369995,343.119995,346.570007,333.564819,3251100,107.959999,109.580002,107.339996,107.82,100.070869,913835
2018-08-07,7,8,2018,Tuesday,2,348.049988,352.119995,345.5,350.76001,337.597595,2267400,109.220001,109.959999,108.760002,109.0,101.166061,993504
2018-08-08,8,8,2018,Wednesday,3,350.5,351.619995,346.25,347.779999,334.729431,2333600,109.32,109.620003,107.779999,107.900002,100.145119,792973
2018-08-09,9,8,2018,Thursday,4,346.070007,346.839996,343.119995,343.720001,332.456451,2301800,108.18,108.760002,107.120003,108.660004,100.850502,626095
2018-08-10,10,8,2018,Friday,5,341.0,341.0,336.450012,339.410004,328.287628,2745700,107.620003,108.199997,107.040001,107.519997,99.792427,1240233
2018-08-13,13,8,2018,Monday,1,339.600006,342.149994,337.339996,338.359985,327.272064,1877200,107.400002,108.800003,107.379997,108.099998,100.33075,788303
2018-08-14,14,8,2018,Tuesday,2,339.119995,340.149994,337.619995,339.140015,328.026489,2017300,108.68,109.040001,107.480003,108.0,100.23793,667568
2018-08-15,15,8,2018,Wednesday,3,336.570007,337.140015,328.029999,331.76001,320.888367,3798600,108.199997,108.779999,104.959999,105.220001,97.657738,1494385
2018-08-16,16,8,2018,Thursday,4,339.059998,347.720001,338.299988,345.980011,334.642365,5867900,105.900002,107.660004,105.620003,107.559998,99.829552,989496
2018-08-17,17,8,2018,Friday,5,346.0,348.5,341.670013,346.399994,335.048584,3069200,108.0,108.68,106.919998,107.720001,99.978058,641480
2018-08-20,20,8,2018,Monday,1,348.600006,352.609985,347.100006,350.73999,339.246399,3018200,107.980003,108.459999,107.540001,107.879997,100.126564,628975
2018-08-21,21,8,2018,Tuesday,2,351.0,354.450012,349.630005,353.769989,342.177063,2967200,107.68,108.239998,107.300003,107.459999,99.736748,729822
2018-08-22,22,8,2018,Wednesday,3,354.320007,355.869995,349.839996,350.029999,338.559662,2682900,107.5,108.0,107.040001,107.32,99.606812,1008537
2018-08-23,23,8,2018,Thursday,4,349.149994,350.279999,345.459991,347.480011,336.093201,1833400,107.580002,108.220001,107.440002,107.739998,99.996613,611202
2018-08-24,24,8,2018,Friday,5,348.769989,350.630005,348.100006,349.380005,337.930939,1954100,107.900002,108.0,107.059998,107.5,99.773872,929551
2018-08-27,27,8,2018,Monday,1,352.109985,355.0,351.01001,353.73999,342.148041,2279500,108.199997,108.260002,107.279999,108.0,100.23793,1003751
2018-08-28,28,8,2018,Tuesday,2,355.0,355.679993,350.609985,351.209991,339.700958,2475100,108.099998,109.18,107.879997,108.959999,101.128937,1141016
2018-08-29,29,8,2018,Wednesday,3,352.26001,352.350006,349.209991,350.190002,338.714386,1850100,109.339996,110.879997,109.199997,110.059998,102.149872,1146675
2018-08-30,30,8,2018,Thursday,4,350.350006,350.950012,345.75,346.899994,335.532227,3257700,110.059998,110.440002,108.519997,108.980003,101.147507,895351
2018-08-31,31,8,2018,Friday,5,345.049988,345.850006,341.579987,342.790009,331.556946,3462700,108.800003,108.800003,106.199997,106.260002,98.622993,1479511
2018-09-04,4,9,2018,Tuesday,2,341.600006,346.320007,339.279999,346.25,334.903503,2699400,107.720001,107.940002,104.099998,105.160004,97.602051,1204594
2018-09-05,5,9,2018,Wednesday,3,345.769989,347.25,343.160004,346.679993,335.319397,2959000,105.080002,105.279999,103.0,103.0,95.59729,1386865
2018-09-06,6,9,2018,Thursday,4,347.549988,353.350006,346.579987,351.269989,339.758972,3585900,103.239998,105.779999,103.239998,104.279999,96.785294,1308310
2018-09-07,7,9,2018,Friday,5,348.820007,350.01001,344.459991,349.279999,337.834229,3921900,104.800003,105.639999,103.860001,104.839996,97.305046,895199
2018-09-10,10,9,2018,Monday,1,349.48999,350.75,341.679993,341.859985,330.657349,3065500,104.5,105.720001,103.919998,104.800003,97.267921,766076
2018-09-11,11,9,2018,Tuesday,2,339.01001,346.619995,337.309998,345.25,333.936279,2731800,105.440002,106.82,104.199997,106.760002,99.087059,1071759
2018-09-12,12,9,2018,Wednesday,3,345.0,355.040009,344.609985,353.410004,341.828888,4003800,107.139999,107.599998,105.739998,106.699997,99.031364,839003
2018-09-13,13,9,2018,Thursday,4,356.359985,360.420013,354.299988,355.459991,343.811707,3166500,106.239998,108.0,104.120003,105.639999,98.047546,1415024
2018-09-14,14,9,2018,Friday,5,356.440002,362.26001,356.100006,359.799988,348.00946,2835800,106.599998,106.779999,105.120003,106.199997,98.567299,673082
2018-09-17,17,9,2018,Monday,1,359.279999,361.299988,354.540009,355.959991,344.295349,2554500,106.019997,106.959999,105.720001,106.300003,98.660118,783738
2018-09-18,18,9,2018,Tuesday,2,357.299988,365.809998,356.100006,363.579987,351.665619,3003500,106.339996,107.360001,104.040001,104.940002,97.397865,1107930
2018-09-19,19,9,2018,Wednesday,3,363.579987,371.230011,363.190002,365.220001,353.251862,4753400,105.0,106.68,104.580002,106.360001,98.715805,759543
2018-09-20,20,9,2018,Thursday,4,368.73999,371.730011,365.670013,367.459991,355.418427,4011100,106.400002,106.720001,105.239998,106.459999,98.808617,1186046
2018-09-21,21,9,2018,Friday,5,369.399994,372.570007,366.049988,372.230011,360.032166,7144000,106.480003,107.18,105.480003,106.800003,99.124176,2857242
2018-09-24,24,9,2018,Monday,1,371.0,371.890015,367.329987,367.98999,355.931122,2800200,106.480003,106.760002,105.260002,105.980003,98.363113,914960
2018-09-25,25,9,2018,Tuesday,2,369.079987,370.459991,366.880005,367.230011,355.196014,2969200,105.699997,106.519997,104.919998,105.080002,97.527794,1148229
2018-09-26,26,9,2018,Wednesday,3,367.5,368.559998,364.320007,365.029999,353.068054,2368600,105.400002,108.480003,104.800003,108.480003,100.683441,1980047
2018-09-27,27,9,2018,Thursday,4,368.399994,368.970001,364.399994,367.390015,355.350739,2355900,108.040001,108.980003,106.940002,108.900002,101.07325,991492
2018-09-28,28,9,2018,Friday,5,368.630005,374.220001,366.220001,371.899994,359.712982,3600500,108.5,109.160004,106.940002,108.18,100.404999,1341147
2018-10-01,1,10,2018,Monday,1,375.160004,383.209991,375.0,382.290009,369.762512,4755700,108.68,108.739998,107.099998,107.400002,99.681061,824742
2018-10-02,2,10,2018,Tuesday,2,380.850006,388.619995,379.769989,386.369995,373.708771,4622600,106.300003,106.400002,105.400002,105.68,98.084671,1403390
2018-10-03,3,10,2018,Wednesday,3,388.899994,394.279999,386.690002,392.299988,379.444458,4794300,106.239998,107.339996,105.839996,107.059998,99.365494,1167252
2018-10-04,4,10,2018,Thursday,4,390.73999,391.089996,385.290009,389.98999,377.210175,3822300,106.739998,106.739998,104.559998,105.260002,97.694862,1429096
2018-10-05,5,10,2018,Friday,5,389.0,392.390015,383.029999,386.470001,373.805511,2899700,105.599998,106.300003,104.0,104.0,96.525414,1067060
2018-10-08,8,10,2018,Monday,1,383.839996,386.730011,377.350006,385.769989,373.128448,3324000,104.339996,105.959999,102.160004,103.620003,96.172729,1659963
2018-10-09,9,10,2018,Tuesday,2,384.369995,386.820007,381.140015,385.440002,372.809265,2862700,103.760002,104.379997,101.040001,102.5,95.133224,1306812
2018-10-10,10,10,2018,Wednesday,3,382.959991,383.799988,367.089996,367.470001,355.428131,6033100,102.699997,103.099998,98.900002,98.989998,91.875488,1831247
2018-10-11,11,10,2018,Thursday,4,363.440002,369.850006,355.100006,358.109985,346.374847,6266800,97.019997,99.510002,93.589996,97.330002,90.334793,3507915
2018-10-12,12,10,2018,Friday,5,366.01001,367.119995,352.26001,360.109985,348.309357,5509700,99.0,101.440002,98.010002,100.260002,93.054214,2510746
2018-10-15,15,10,2018,Monday,1,359.459991,362.549988,355.5,358.880005,347.119659,2979800,99.139999,100.220001,97.809998,97.809998,90.780289,1822785
2018-10-16,16,10,2018,Tuesday,2,360.450012,368.570007,358.549988,368.25,356.182556,2822500,97.800003,101.720001,97.550003,101.720001,94.409286,1877647
2018-10-17,17,10,2018,Wednesday,3,368.0,368.5,362.700012,365.5,353.522705,2238200,102.239998,102.620003,100.18,100.860001,93.611092,1286634
2018-10-18,18,10,2018,Thursday,4,364.820007,367.76001,356.76001,359.350006,347.574249,3254900,100.279999,101.519997,98.779999,99.309998,92.172485,1630849
2018-10-19,19,10,2018,Friday,5,359.799988,359.869995,354.209991,356.26001,344.58548,3491600,99.790001,101.440002,97.050003,97.949997,90.910233,2488856
2018-10-22,22,10,2018,Monday,1,357.850006,358.76001,352.459991,355.980011,344.314667,2263500,98.339996,98.879997,96.309998,96.309998,89.388107,1441080
2018-10-23,23,10,2018,Tuesday,2,349.5,353.559998,342.829987,350.049988,338.578979,4389600,96.5,96.5,94.099998,94.139999,87.374062,2542403
2018-10-24,24,10,2018,Wednesday,3,361.589996,364.600006,351.690002,354.649994,343.028229,8442600,95.260002,96.949997,93.510002,95.309998,88.459969,2651513
2018-10-25,25,10,2018,Thursday,4,357.299988,364.390015,354.970001,363.769989,351.849365,4003500,95.019997,98.300003,94.75,97.940002,90.900955,2271247
2018-10-26,26,10,2018,Friday,5,360.700012,363.299988,354.119995,359.269989,347.496826,4073000,96.879997,96.879997,91.519997,96.150002,89.239609,3184210
2018-10-29,29,10,2018,Monday,1,360.549988,361.709991,328.630005,335.589996,324.592834,7462000,95.389999,99.889999,94.75,95.830002,88.942612,1467805
2018-10-30,30,10,2018,Tuesday,2,330.350006,351.049988,329.769989,349.910004,338.443573,5774000,96.480003,97.080002,92.239998,93.900002,87.151314,2644992
2018-10-31,31,10,2018,Wednesday,3,352.51001,363.410004,352.51001,354.859985,343.231323,4175600,96.25,99.769997,93.019997,97.709999,90.687485,3915169
2018-11-01,1,11,2018,Thursday,4,357.470001,364.570007,353.200012,363.070007,351.172363,3760700,97.639999,98.230003,96.0,96.5,89.564453,1878563
2018-11-02,2,11,2018,Friday,5,366.970001,371.540009,356.76001,357.75,346.026703,4029800,97.290001,98.769997,95.389999,95.610001,88.738419,1694118
2018-11-05,5,11,2018,Monday,1,359.76001,363.290009,356.480011,361.980011,350.118042,2253900,96.010002,96.400002,94.739998,95.379997,88.52494,1217718
2018-11-06,6,11,2018,Tuesday,2,362.410004,368.440002,362.109985,366.470001,354.460938,2471900,96.0,96.989998,95.559998,95.849998,88.961166,1340977
2018-11-07,7,11,2018,Wednesday,3,367.640015,372.850006,359.5,372.019989,359.829041,4015300,96.400002,97.129997,95.449997,96.089996,89.183907,1152082
2018-11-08,8,11,2018,Thursday,4,369.329987,373.700012,365.549988,370.769989,360.276001,2751800,96.089996,96.839996,95.400002,95.650002,88.775536,1182886
2018-11-09,9,11,2018,Friday,5,367.829987,371.0,366.119995,369.339996,358.886475,2590300,95.449997,95.510002,94.019997,94.68,87.875252,1236728
2018-11-12,12,11,2018,Monday,1,370.209991,370.480011,355.98999,357.029999,346.924927,3088700,94.900002,95.660004,94.209999,94.389999,87.606102,973198
2018-11-13,13,11,2018,Tuesday,2,349.549988,355.380005,342.040009,349.51001,339.617706,4960000,94.57,96.849998,94.550003,96.419998,89.490196,1377906
2018-11-14,14,11,2018,Wednesday,3,352.089996,355.850006,343.890015,344.720001,334.963318,3445800,95.879997,97.190002,94.040001,95.529999,88.664162,1460615
2018-11-15,15,11,2018,Thursday,4,341.119995,347.980011,336.51001,341.570007,331.902466,4863000,96.360001,96.489998,93.269997,93.860001,87.114189,1396280
2018-11-16,16,11,2018,Friday,5,339.0,340.190002,331.160004,335.950012,326.441528,4425200,94.580002,94.800003,91.889999,92.889999,86.213913,1497327
2018-11-19,19,11,2018,Monday,1,335.549988,336.040009,317.200012,320.940002,311.856384,6782800,92.900002,93.959999,92.410004,92.57,85.916901,1260960
2018-11-20,20,11,2018,Tuesday,2,302.100006,322.179993,296.609985,317.700012,308.708099,6875900,91.559998,92.330002,89.959999,91.07,84.524704,1772439
2018-11-21,21,11,2018,Wednesday,3,325.070007,326.890015,315.570007,317.320007,308.338837,4401000,91.980003,93.209999,90.730003,93.169998,86.47377,1473760
2018-11-23,23,11,2018,Friday,5,315.0,317.0,311.869995,312.320007,303.480316,1599400,92.139999,93.639999,92.139999,93.410004,86.696533,901392
2018-11-26,26,11,2018,Monday,1,315.559998,318.589996,310.660004,316.359985,307.405975,3362300,94.199997,95.129997,93.459999,93.580002,86.854309,1261680
2018-11-27,27,11,2018,Tuesday,2,315.279999,318.559998,310.959991,318.029999,309.028717,2946400,93.830002,94.160004,93.160004,93.699997,86.965683,1306476
2018-11-28,28,11,2018,Wednesday,3,325.720001,334.01001,321.730011,333.5,324.060883,6117600,93.959999,94.019997,93.400002,93.5,86.78006,1231357
2018-11-29,29,11,2018,Thursday,4,335.970001,343.230011,334.059998,342.559998,332.864471,5331900,94.0,95.419998,93.970001,94.860001,88.042313,1819874
2018-11-30,30,11,2018,Friday,5,341.940002,347.579987,337.5,346.76001,336.945587,5374000,95.370003,95.459999,94.449997,94.620003,87.819572,1370144
2018-12-03,3,12,2018,Monday,1,364.309998,369.0,356.369995,359.959991,349.771973,6573400,97.269997,97.300003,95.059998,95.699997,88.821945,1246570
2018-12-04,4,12,2018,Tuesday,2,357.0,358.320007,341.73999,342.5,332.806152,5199100,95.389999,95.669998,94.260002,94.269997,87.49472,1354279
2018-12-06,6,12,2018,Thursday,4,329.98999,333.630005,317.299988,331.899994,322.506165,9297400,90.940002,91.050003,88.150002,88.639999,82.269356,2054120
2018-12-07,7,12,2018,Friday,5,332.350006,337.609985,321.390015,323.220001,314.071869,4526300,90.050003,90.860001,89.07,89.07,82.668449,1517734
2018-12-10,10,12,2018,Monday,1,321.269989,327.200012,315.51001,326.350006,317.113251,4400500,88.610001,89.559998,87.389999,87.489998,81.202003,1787443
2018-12-11,11,12,2018,Tuesday,2,333.25,334.48999,318.75,322.029999,312.915497,3566400,88.080002,89.849998,87.440002,88.599998,82.232231,1605717
2018-12-12,12,12,2018,Wednesday,3,327.380005,331.899994,324.660004,326.690002,317.443604,3424800,89.18,91.769997,88.610001,91.480003,84.905251,2067671
2018-12-13,13,12,2018,Thursday,4,328.399994,328.73999,324.170013,325.470001,316.258179,2247700,91.57,92.300003,89.730003,89.970001,83.503769,1739620
2018-12-14,14,12,2018,Friday,5,322.450012,323.910004,315.559998,318.75,309.728363,3298400,89.290001,89.790001,88.32,88.669998,82.297195,2106031
2018-12-17,17,12,2018,Monday,1,316.910004,327.220001,314.440002,316.130005,307.182495,4968400,88.43,88.900002,86.959999,87.650002,81.35051,1316386
2018-12-18,18,12,2018,Tuesday,2,325.459991,332.089996,323.200012,328.059998,318.774872,5881100,87.580002,89.269997,87.059998,88.650002,82.278641,1654569
2018-12-19,19,12,2018,Wednesday,3,329.329987,333.480011,316.100006,319.549988,310.505707,4871500,88.830002,88.989998,87.040001,87.199997,80.932854,1731218
2018-12-20,20,12,2018,Thursday,4,317.0,321.820007,308.0,313.049988,304.189636,5368600,85.599998,85.599998,78.830002,83.330002,77.340996,3558647
2018-12-21,21,12,2018,Friday,5,309.089996,314.970001,304.01001,304.549988,295.930237,7641700,82.75,84.209999,82.050003,83.099998,77.127518,3670837
2018-12-24,24,12,2018,Monday,1,300.649994,303.0,294.160004,294.160004,285.834351,3435300,81.540001,82.580002,81.199997,81.629997,75.763168,392591
2018-12-27,27,12,2018,Thursday,4,309.040009,317.140015,302.23999,317.140015,308.163971,4341100,82.919998,83.730003,81.059998,82.099998,76.199394,1611466
2018-12-28,28,12,2018,Friday,5,319.73999,321.529999,315.149994,316.380005,307.425446,3725200,82.980003,84.330002,82.559998,83.760002,77.740089,1257945
2018-12-31,31,12,2018,Monday,1,320.5,323.640015,318.75,322.5,313.372253,3557700,83.830002,84.220001,83.269997,83.959999,77.925713,426473
2019-01-02,2,1,2019,Wednesday,3,316.190002,323.950012,313.709991,323.809998,314.645172,3292200,83.580002,84.449997,82.099998,84.169998,78.120613,1483033
2019-01-03,3,1,2019,Thursday,4,319.48999,319.73999,309.399994,310.899994,302.100525,5705600,83.330002,83.75,77.5,81.209999,75.373352,1964509
2019-01-04,4,1,2019,Friday,5,316.690002,328.440002,316.079987,327.079987,317.822601,4448800,82.160004,85.519997,81.529999,85.120003,79.002335,2006859
2019-01-07,7,1,2019,Monday,1,330.519989,330.690002,323.350006,328.109985,318.823425,4030300,85.959999,86.949997,82.639999,83.559998,77.554459,1428948
2019-01-08,8,1,2019,Tuesday,2,334.109985,341.25,332.649994,340.529999,330.891968,4736500,83.830002,88.610001,83.559998,86.650002,80.422379,2533915
2019-01-09,9,1,2019,Wednesday,3,342.959991,347.200012,340.869995,343.829987,334.098511,4213900,88.5,90.540001,87.68,89.68,83.234604,2365398
2019-01-10,10,1,2019,Thursday,4,346.51001,353.470001,343.0,352.609985,342.629974,5358100,89.0,89.699997,87.870003,89.610001,83.16964,1321653
2019-01-11,11,1,2019,Friday,5,348.559998,354.359985,348.089996,352.899994,342.911835,3158900,89.919998,90.0,88.190002,88.379997,82.028038,1184652
2019-01-14,14,1,2019,Monday,1,348.200012,352.809998,347.01001,350.359985,340.443665,2476400,87.870003,90.440002,87.790001,89.910004,83.448082,1339132
2019-01-15,15,1,2019,Tuesday,2,352.0,353.320007,347.980011,352.23999,342.270447,2940900,90.5,92.5,90.419998,92.309998,85.675591,1870631
2019-01-16,16,1,2019,Wednesday,3,352.5,355.0,351.559998,352.059998,342.095612,2731100,92.5,93.040001,91.599998,92.540001,85.889061,1383158
2019-01-17,17,1,2019,Thursday,4,350.75,363.829987,350.730011,359.089996,348.926605,4270400,91.699997,92.339996,90.860001,91.760002,85.165123,1196890
2019-01-18,18,1,2019,Friday,5,363.880005,367.320007,361.320007,364.730011,354.406982,4256500,92.449997,94.080002,92.199997,93.660004,86.928566,1498962
2019-01-22,22,1,2019,Tuesday,2,362.859985,364.200012,354.230011,357.899994,347.770264,4336500,94.529999,95.050003,93.879997,94.75,87.940224,1284328
2019-01-23,23,1,2019,Wednesday,3,361.910004,362.200012,353.670013,358.609985,348.460175,2924900,93.970001,95.279999,93.309998,93.809998,87.06778,1313183
2019-01-24,24,1,2019,Thursday,4,358.910004,363.179993,356.899994,358.269989,348.129791,2801300,94.239998,95.919998,93.970001,95.919998,89.026131,1534265
2019-01-25,25,1,2019,Friday,5,362.48999,366.940002,360.329987,364.200012,353.892029,3185600,96.0,97.120003,95.599998,96.510002,89.57373,1575939
2019-01-28,28,1,2019,Monday,1,360.649994,363.170013,357.5,362.970001,352.696808,3128900,96.300003,96.349998,95.07,95.419998,88.562065,986063
2019-01-29,29,1,2019,Tuesday,2,363.070007,367.779999,362.410004,364.910004,354.58194,3202700,95.779999,96.889999,95.25,96.050003,89.14679,919305
2019-01-30,30,1,2019,Wednesday,3,387.399994,391.970001,380.5,387.720001,376.746307,12705300,96.300003,99.019997,95.779999,99.0,91.884781,2213713
2019-01-31,31,1,2019,Thursday,4,387.160004,388.98999,382.079987,385.619995,374.705719,6878500,100.0,100.459999,99.120003,100.220001,93.01709,2125869
2019-02-01,1,2,2019,Friday,5,386.109985,392.799988,384.730011,387.429993,376.464508,5625700,101.019997,102.120003,100.019997,101.120003,93.852402,1587528
2019-02-04,4,2,2019,Monday,1,388.970001,397.070007,388.119995,397.0,385.763641,4256600,101.199997,102.019997,100.739998,101.400002,94.112289,986555
2019-02-05,5,2,2019,Tuesday,2,400.75,410.75,399.549988,410.179993,398.570587,7230400,101.360001,102.720001,100.620003,102.0,94.669167,1373286
2019-02-06,6,2,2019,Wednesday,3,411.51001,413.880005,405.660004,411.109985,399.474243,5356000,102.019997,102.18,101.080002,102.080002,94.743401,892011
2019-02-07,7,2,2019,Thursday,4,407.929993,410.350006,402.290009,405.170013,395.680267,5211400,101.120003,101.779999,99.830002,99.830002,92.655121,1491323
2019-02-08,8,2,2019,Friday,5,400.0,404.959991,397.799988,404.910004,395.426392,4570900,99.830002,101.339996,98.050003,99.940002,92.75721,1262531
2019-02-11,11,2,2019,Monday,1,408.100006,409.829987,402.690002,403.950012,394.488861,3046900,101.900002,103.279999,101.5,102.0,94.669167,1314998
2019-02-12,12,2,2019,Tuesday,2,407.0,411.209991,405.399994,410.720001,401.100311,3263300,102.980003,103.459999,102.440002,102.779999,95.393097,1384956
2019-02-13,13,2,2019,Wednesday,3,412.519989,412.720001,407.670013,410.579987,400.963562,3078700,102.800003,104.739998,102.620003,104.379997,96.878105,1810340
2019-02-14,14,2,2019,Thursday,4,408.929993,412.220001,407.799988,409.820007,400.221375,2724300,108.0,110.940002,107.18,107.18,99.476868,3418594
2019-02-15,15,2,2019,Friday,5,412.480011,418.049988,411.429993,417.970001,408.180481,4017300,107.260002,111.760002,107.260002,110.980003,103.003761,2474676
2019-02-19,19,2,2019,Tuesday,2,415.5,417.940002,414.540009,416.26001,406.510559,3051500,111.440002,111.459999,109.959999,111.139999,103.15226,1663311
2019-02-20,20,2,2019,Wednesday,3,417.140015,421.839996,417.109985,421.549988,411.676605,3990100,111.019997,111.400002,110.400002,111.120003,103.133698,1530872
2019-02-21,21,2,2019,Thursday,4,421.579987,422.410004,415.679993,417.579987,407.799591,2880500,111.400002,112.080002,110.599998,111.360001,103.356445,1937817
2019-02-22,22,2,2019,Friday,5,419.700012,424.470001,419.140015,424.049988,414.118073,3132300,111.739998,113.82,111.620003,113.699997,105.528267,1662516
2019-02-25,25,2,2019,Monday,1,427.48999,429.920013,426.519989,426.869995,416.87204,3276100,113.779999,113.980003,112.660004,113.339996,105.194138,1312486
2019-02-26,26,2,2019,Tuesday,2,426.0,429.0,424.25,426.769989,416.774384,2503700,113.0,113.440002,112.559998,113.120003,104.989952,1162067
2019-02-27,27,2,2019,Wednesday,3,427.170013,436.329987,427.149994,435.440002,425.241333,4603800,112.580002,113.480003,112.5,113.459999,105.305527,1255186
2019-02-28,28,2,2019,Thursday,4,438.700012,441.420013,437.079987,439.959991,429.655426,5063100,113.260002,113.839996,112.900002,113.599998,105.435448,1473561
2019-03-01,1,3,2019,Friday,5,446.01001,446.01001,440.190002,440.619995,430.299957,5124200,114.059998,114.339996,113.339996,113.900002,105.71389,1263899
2019-03-04,4,3,2019,Monday,1,443.220001,444.5,426.630005,432.690002,422.555725,5971000,114.300003,114.900002,113.68,114.019997,105.825272,1133867
2019-03-05,5,3,2019,Tuesday,2,431.040009,433.850006,428.640015,430.119995,420.045898,2844300,113.5,113.660004,112.120003,113.239998,105.101334,1510042
2019-03-06,6,3,2019,Wednesday,3,429.700012,432.0,422.079987,424.459991,414.518463,4159400,112.839996,113.940002,112.82,113.720001,105.546837,1035032
2019-03-07,7,3,2019,Thursday,4,423.359985,434.350006,416.440002,422.559998,412.662964,4893600,113.139999,113.660004,112.080002,112.739998,104.637268,1682374
2019-03-08,8,3,2019,Friday,5,416.769989,423.429993,415.5,422.540009,412.643463,3794900,110.919998,111.919998,109.300003,111.519997,103.504936,1678207
2019-03-11,11,3,2019,Monday,1,371.269989,402.670013,365.549988,400.01001,390.641113,34742200,112.0,113.160004,111.559998,112.959999,104.841454,1217340
2019-03-12,12,3,2019,Tuesday,2,384.709991,390.0,368.0,375.410004,366.61731,36922600,114.099998,114.68,112.699997,114.580002,106.345024,1614290
2019-03-13,13,3,2019,Wednesday,3,378.429993,381.769989,363.329987,377.140015,368.306793,32662300,115.0,116.959999,114.580002,116.879997,108.479713,2334138
2019-03-14,14,3,2019,Thursday,4,374.98999,380.390015,372.100006,373.299988,364.556732,13514100,117.019997,117.239998,115.300003,117.0,108.591095,1698454
2019-03-15,15,3,2019,Friday,5,370.880005,385.709991,366.450012,378.98999,370.113464,26697700,116.900002,119.239998,116.82,117.68,109.222221,3463099
2019-03-18,18,3,2019,Monday,1,370.0,373.070007,367.200012,372.279999,363.560608,13119200,118.0,118.080002,116.959999,118.0,109.519226,974655
2019-03-19,19,3,2019,Tuesday,2,371.140015,378.769989,371.01001,373.429993,364.683685,9856100,118.300003,119.199997,117.800003,119.0,110.447357,1217304
2019-03-20,20,3,2019,Wednesday,3,374.700012,380.799988,373.679993,376.160004,367.349762,8737600,118.720001,119.279999,117.419998,117.860001,109.38929,1651569
2019-03-21,21,3,2019,Thursday,4,374.040009,377.0,372.230011,372.700012,363.970825,6951000,118.080002,118.779999,117.260002,118.559998,110.038971,991764
2019-03-22,22,3,2019,Friday,5,368.790009,369.859985,361.529999,362.170013,353.687408,10143900,119.440002,119.440002,114.599998,114.599998,106.363586,1548212
2019-03-25,25,3,2019,Monday,1,365.0,371.209991,362.890015,370.459991,361.783234,7939600,114.019997,114.860001,112.620003,114.040001,105.843834,1607484
2019-03-26,26,3,2019,Tuesday,2,375.579987,375.600006,367.600006,370.380005,361.705139,6479700,114.879997,117.300003,114.879997,116.339996,107.978523,1254958
2019-03-27,27,3,2019,Wednesday,3,371.890015,376.660004,365.549988,374.209991,365.445404,9600000,116.400002,116.779999,114.860001,115.480003,107.180351,1104628
2019-03-28,28,3,2019,Thursday,4,376.600006,376.660004,372.329987,374.440002,365.670013,4921300,115.120003,116.639999,115.099998,116.260002,107.904289,950323
2019-03-29,29,3,2019,Friday,5,376.519989,382.179993,374.73999,381.420013,372.486572,7694700,116.940002,118.199997,116.599998,117.900002,109.426407,1220119
2019-04-01,1,4,2019,Monday,1,385.799988,392.899994,383.100006,391.540009,382.369537,7735700,118.900002,119.120003,117.18,117.760002,109.296471,962091
2019-04-02,2,4,2019,Tuesday,2,388.5,394.829987,388.5,390.75,381.598022,6401000,117.839996,118.260002,116.760002,117.220001,108.795288,1368037
2019-04-03,3,4,2019,Wednesday,3,389.679993,391.540009,384.070007,384.73999,375.72879,7350300,118.800003,119.0,117.720001,118.540001,110.020416,1214807
2019-04-04,4,4,2019,Thursday,4,385.98999,397.059998,385.100006,395.859985,386.588318,9388100,118.639999,118.660004,117.480003,117.82,109.352158,1152087
2019-04-05,5,4,2019,Friday,5,398.070007,398.660004,390.950012,391.929993,382.750366,6857200,118.0,119.220001,117.599998,118.68,110.150345,1614315
2019-04-08,8,4,2019,Monday,1,376.200012,379.799988,371.859985,374.519989,365.748138,14482600,118.879997,121.220001,118.559998,120.739998,112.062302,1502349
2019-04-09,9,4,2019,Tuesday,2,370.290009,372.23999,367.75,369.040009,360.396515,7980100,118.800003,119.580002,117.699997,118.5,109.983292,1453576
2019-04-10,10,4,2019,Wednesday,3,368.399994,368.790009,362.920013,364.940002,356.392517,8285000,118.220001,119.040001,116.5,116.5,108.127037,1420843
2019-04-11,11,4,2019,Thursday,4,364.619995,371.079987,364.209991,370.160004,361.490265,6598400,116.919998,118.339996,116.599998,117.5,109.055161,935093
2019-04-12,12,4,2019,Friday,5,375.75,379.950012,372.0,379.640015,370.74823,7334600,117.540001,119.739998,117.260002,118.599998,110.076103,935016
2019-04-15,15,4,2019,Monday,1,376.700012,377.899994,373.679993,375.459991,366.666138,3822100,117.779999,117.800003,116.699997,117.239998,110.34906,702766
2019-04-16,16,4,2019,Tuesday,2,376.51001,384.640015,375.029999,381.720001,372.77951,7083800,117.0,117.980003,116.379997,117.919998,110.98909,900262
2019-04-17,17,4,2019,Wednesday,3,384.100006,384.190002,377.480011,377.519989,368.677856,4424400,117.580002,119.459999,117.099998,119.040001,112.043259,1333637
2019-04-18,18,4,2019,Thursday,4,377.519989,382.170013,377.519989,380.070007,371.168152,4703100,119.0,120.639999,118.18,120.239998,113.172722,2066169
2019-04-23,23,4,2019,Tuesday,2,375.540009,376.869995,372.609985,374.019989,365.259857,4894500,120.440002,122.800003,119.339996,122.800003,115.58226,1424239
2019-04-24,24,4,2019,Wednesday,3,377.890015,381.149994,373.660004,375.459991,366.666138,9855100,122.900002,123.279999,121.779999,122.199997,115.017525,882275
2019-04-25,25,4,2019,Thursday,4,376.01001,384.799988,372.76001,382.799988,373.834198,6615000,122.239998,122.68,121.220001,121.900002,114.735153,891406
2019-04-26,26,4,2019,Friday,5,383.890015,384.0,378.140015,380.790009,371.871307,4259600,122.400002,123.059998,121.199997,121.860001,114.69751,1018510
2019-04-29,29,4,2019,Monday,1,378.48999,385.299988,376.76001,379.049988,370.172028,5457300,122.0,123.519997,121.519997,123.019997,115.78933,1069541
2019-04-30,30,4,2019,Tuesday,2,379.5,381.140015,375.049988,377.690002,368.843903,3732800,123.980003,124.0,120.800003,121.879997,114.716331,1391362
2019-05-02,2,5,2019,Thursday,4,375.5,377.649994,373.25,375.799988,366.998169,2438800,120.660004,121.580002,119.68,119.980003,112.928017,1602622
2019-05-03,3,5,2019,Friday,5,376.079987,377.899994,374.220001,376.459991,367.6427,2953800,119.239998,120.699997,119.18,119.559998,112.532692,919711
2019-05-06,6,5,2019,Monday,1,367.880005,372.480011,365.630005,371.600006,362.896545,4747600,117.019997,119.839996,115.059998,119.699997,112.664467,943587
2019-05-07,7,5,2019,Tuesday,2,366.329987,367.709991,355.019989,357.230011,348.863129,9740300,119.720001,120.099998,117.059998,117.540001,110.631432,1245034
2019-05-08,8,5,2019,Wednesday,3,357.769989,361.519989,353.329987,359.75,351.324127,6030000,117.68,119.279999,116.940002,118.800003,111.817368,1135884
2019-05-09,9,5,2019,Thursday,4,354.76001,355.649994,347.470001,354.130005,347.822571,6075200,117.639999,118.32,116.379997,116.800003,109.934921,1071567
2019-05-10,10,5,2019,Friday,5,351.869995,355.540009,347.549988,354.670013,348.352936,4574100,117.5,118.360001,116.519997,117.5,110.593773,1146292
2019-05-13,13,5,2019,Monday,1,344.51001,346.630005,337.0,337.369995,331.361115,7757800,117.040001,117.239998,114.82,115.519997,108.730148,1187754
2019-05-14,14,5,2019,Tuesday,2,339.899994,346.100006,337.230011,343.040009,336.930115,4747800,117.0,119.139999,116.699997,119.0,112.005615,1080454
2019-05-15,15,5,2019,Wednesday,3,339.799988,348.799988,337.640015,345.640015,339.483795,4810000,119.059998,120.879997,118.080002,120.879997,113.775108,1225273
2019-05-16,16,5,2019,Thursday,4,348.640015,356.5,345.820007,353.809998,347.50827,6036500,120.660004,122.779999,119.940002,122.5,115.299896,1171146
2019-05-17,17,5,2019,Friday,5,351.5,359.98999,351.160004,355.019989,348.696716,5282900,122.459999,122.82,120.5,121.0,113.888054,1346495
2019-05-20,20,5,2019,Monday,1,353.0,355.940002,350.529999,352.790009,346.50647,3219900,120.720001,121.18,118.239998,119.080002,112.080917,880698
2019-05-21,21,5,2019,Tuesday,2,358.029999,360.769989,354.880005,358.75,352.360291,4022600,119.459999,119.720001,117.839996,118.260002,111.309113,797261
2019-05-22,22,5,2019,Wednesday,3,357.220001,357.570007,351.75,352.779999,346.496643,3841400,118.199997,118.360001,117.360001,118.220001,111.271461,841620
2019-05-23,23,5,2019,Thursday,4,345.920013,351.470001,341.149994,350.549988,344.306335,5305400,117.18,117.779999,114.739998,114.879997,108.127769,1292608
2019-05-24,24,5,2019,Friday,5,355.0,361.399994,353.0,354.899994,348.578857,5387500,115.580002,117.5,115.459999,116.540001,109.690201,941761
2019-05-28,28,5,2019,Tuesday,2,355.290009,359.309998,354.880005,354.880005,348.559235,3504300,116.980003,117.540001,115.68,116.32,109.483124,1121118
2019-05-29,29,5,2019,Wednesday,3,352.589996,352.790009,346.049988,348.799988,342.587463,4160500,115.959999,116.440002,113.120003,114.379997,107.65715,1460847
2019-05-30,30,5,2019,Thursday,4,350.0,351.920013,347.940002,349.869995,343.638428,2183900,114.599998,115.440002,114.480003,115.239998,108.466606,527329
2019-05-31,31,5,2019,Friday,5,345.850006,345.850006,341.359985,341.609985,335.525543,3217600,113.599998,114.879997,112.599998,114.860001,108.10894,1422449
2019-06-03,3,6,2019,Monday,1,338.200012,339.109985,330.670013,338.890015,332.854034,5148000,113.699997,117.160004,112.860001,117.160004,110.273766,1158939
2019-06-04,4,6,2019,Tuesday,2,342.570007,346.410004,340.119995,344.619995,338.481964,3592300,116.5,118.699997,115.18,118.480003,111.516174,1259997
2019-06-05,5,6,2019,Wednesday,3,346.220001,353.25,332.48999,348.75,342.538391,3188400,118.220001,119.860001,117.779999,118.699997,111.723244,1234756
2019-06-06,6,6,2019,Thursday,4,348.179993,351.640015,345.579987,350.640015,344.394775,2582300,119.040001,120.559998,117.779999,117.959999,111.026741,1025038
2019-06-07,7,6,2019,Friday,5,352.299988,355.279999,352.299988,353.700012,347.400238,2470700,118.400002,122.440002,118.059998,120.919998,113.812759,1199498
2019-06-10,10,6,2019,Monday,1,356.0,357.399994,353.549988,353.799988,347.498444,2560800,121.940002,122.0,120.160004,121.059998,113.944534,507749
2019-06-11,11,6,2019,Tuesday,2,355.420013,355.470001,348.130005,349.329987,343.108063,2702700,121.5,124.160004,121.480003,123.400002,116.146996,1125280
2019-06-12,12,6,2019,Wednesday,3,349.0,349.269989,342.799988,347.029999,340.84906,2738300,122.18,123.160004,121.0,122.279999,115.092819,924062
2019-06-13,13,6,2019,Thursday,4,347.25,349.059998,344.100006,348.859985,342.646423,2621300,122.400002,123.699997,122.0,122.660004,115.450493,890365
2019-06-14,14,6,2019,Friday,5,348.0,349.170013,345.890015,347.160004,340.976685,2258400,122.760002,122.940002,121.040001,122.419998,115.224602,873534
2019-06-17,17,6,2019,Monday,1,348.619995,356.049988,347.049988,354.899994,348.578857,3746400,122.839996,125.139999,122.400002,125.0,117.652954,1368430
2019-06-18,18,6,2019,Tuesday,2,357.609985,374.649994,357.600006,373.959991,367.299377,9199200,124.779999,126.5,124.580002,125.459999,118.085915,1679579
2019-06-19,19,6,2019,Wednesday,3,375.399994,379.309998,368.350006,368.559998,361.995575,5716000,125.599998,125.760002,122.559998,123.0,115.770508,1646889
2019-06-20,20,6,2019,Thursday,4,373.0,375.790009,368.959991,374.880005,368.202972,3794500,123.0,124.239998,121.779999,123.459999,116.203468,1751922
2019-06-21,21,6,2019,Friday,5,374.390015,376.109985,371.720001,371.839996,365.217133,4923700,123.279999,124.980003,122.760002,122.779999,115.563431,2456772
2019-06-24,24,6,2019,Monday,1,372.950012,375.48999,372.100006,373.98999,367.328827,2323200,122.559998,123.440002,122.400002,123.260002,116.015221,839580
2019-06-25,25,6,2019,Tuesday,2,374.75,375.25,368.029999,369.320007,362.742035,3005400,122.599998,125.239998,122.599998,125.18,117.822372,1068534
2019-06-26,26,6,2019,Wednesday,3,371.019989,378.980011,370.0,374.940002,368.261932,4542000,125.0,126.0,124.5,125.540001,118.161217,1028633
2019-06-27,27,6,2019,Thursday,4,367.540009,369.929993,362.350006,364.019989,357.536407,8980000,125.5,125.760002,123.82,123.879997,116.598785,995489
2019-06-28,28,6,2019,Friday,5,363.920013,366.230011,361.570007,364.01001,357.526611,4737100,123.660004,125.0,123.220001,124.68,117.351761,1108817
2019-07-01,1,7,2019,Monday,1,364.880005,365.230011,353.320007,356.459991,350.111084,6392600,123.5,126.080002,123.5,124.300003,116.994095,849429
2019-07-02,2,7,2019,Tuesday,2,355.630005,356.779999,352.690002,354.160004,347.852051,3774700,122.900002,124.279999,122.599998,123.959999,116.67408,1028534
2019-07-03,3,7,2019,Wednesday,3,354.5,354.850006,352.26001,354.470001,348.156494,2164900,124.279999,126.040001,123.82,125.639999,118.255341,675445
2019-07-05,5,7,2019,Friday,5,354.0,357.25,351.429993,355.859985,349.521729,3208200,124.540001,125.199997,123.699997,124.580002,117.257645,724073
2019-07-08,8,7,2019,Monday,1,350.410004,352.959991,349.399994,351.119995,344.86615,3262300,124.199997,124.419998,123.0,123.919998,116.636429,788487
2019-07-09,9,7,2019,Tuesday,2,349.049988,353.850006,347.899994,353.089996,346.801117,4828200,124.080002,124.720001,123.300003,124.099998,116.805855,666957
2019-07-10,10,7,2019,Wednesday,3,354.48999,356.519989,351.25,352.299988,346.025146,2946700,124.839996,127.620003,124.5,125.839996,118.443573,1016895
2019-07-11,11,7,2019,Thursday,4,352.619995,359.26001,350.700012,359.0,352.605835,5059200,126.220001,127.099998,125.739998,125.980003,118.575356,727473
2019-07-12,12,7,2019,Friday,5,360.0,365.450012,358.140015,365.329987,358.823059,3592800,126.279999,128.039993,125.120003,127.68,120.17543,1023854
2019-07-15,15,7,2019,Monday,1,360.5,362.850006,359.019989,361.609985,355.169312,4814600,128.580002,129.899994,128.139999,129.199997,121.606087,973647
2019-07-16,16,7,2019,Tuesday,2,361.26001,365.350006,361.200012,362.75,356.289032,2960400,128.880005,131.419998,128.479996,131.139999,123.432076,1035676
2019-07-17,17,7,2019,Wednesday,3,362.75,369.75,362.0,369.519989,362.938446,4010000,130.960007,132.320007,130.880005,131.960007,124.203873,1084788
2019-07-18,18,7,2019,Thursday,4,367.600006,368.450012,359.75,361.109985,354.678253,4582800,131.479996,132.919998,130.179993,132.100006,124.335655,918163
2019-07-19,19,7,2019,Friday,5,370.670013,378.399994,368.5,377.359985,370.638794,9504000,132.440002,133.860001,131.039993,131.5,123.770897,1110654
2019-07-22,22,7,2019,Monday,1,376.940002,382.480011,371.890015,373.420013,366.769043,4265100,131.199997,131.679993,130.380005,130.759995,123.074394,909190
2019-07-23,23,7,2019,Tuesday,2,374.269989,376.429993,370.679993,373.070007,366.425232,3354900,131.380005,133.259995,131.360001,132.619995,124.825066,1151374
2019-07-24,24,7,2019,Wednesday,3,370.279999,371.359985,360.029999,361.429993,354.992554,7447900,132.639999,133.360001,131.5,131.960007,124.203873,891454
2019-07-25,25,7,2019,Thursday,4,356.179993,357.690002,345.709991,348.089996,341.890137,9663700,132.339996,133.380005,129.919998,130.5,122.829681,1303089
2019-07-26,26,7,2019,Friday,5,346.200012,348.429993,342.0,345.0,338.855194,4441100,131.520004,131.800003,130.820007,131.0,123.300293,787658
2019-07-29,29,7,2019,Monday,1,344.98999,346.079987,339.109985,340.209991,334.150513,4116600,130.440002,131.320007,130.080002,130.080002,122.434372,767765
2019-07-30,30,7,2019,Tuesday,2,339.839996,347.48999,336.559998,347.459991,341.271362,4528000,130.160004,130.419998,127.400002,127.720001,120.213081,1259431
2019-07-31,31,7,2019,Wednesday,3,348.48999,351.290009,341.049988,341.179993,335.10321,5219700,130.0,130.5,126.739998,128.059998,120.533096,1547913
2019-08-01,1,8,2019,Thursday,4,341.910004,344.290009,333.0,334.290009,328.335938,6465300,128.080002,129.979996,127.620003,129.419998,121.813164,1296566
2019-08-02,2,8,2019,Friday,5,334.559998,340.540009,332.320007,339.559998,333.512085,4675400,126.400002,126.720001,122.959999,123.339996,116.090515,2475378
2019-08-05,5,8,2019,Monday,1,332.459991,333.369995,326.959991,331.059998,325.163483,5876100,122.720001,123.199997,120.0,120.699997,113.605682,2089151
2019-08-06,6,8,2019,Tuesday,2,333.98999,335.700012,329.140015,332.450012,326.528748,3653300,120.919998,121.940002,119.919998,119.919998,112.871529,1618056
2019-08-07,7,8,2019,Wednesday,3,328.600006,333.649994,324.570007,331.380005,325.477783,4187600,120.82,123.059998,120.139999,122.0,114.829277,1497201
2019-08-08,8,8,2019,Thursday,4,331.299988,336.429993,328.859985,336.350006,332.420685,3673000,124.019997,127.160004,123.279999,127.160004,119.685997,1539909
2019-08-09,9,8,2019,Friday,5,334.059998,339.079987,333.170013,337.549988,333.606659,3102900,126.599998,126.599998,124.5,125.120003,117.765892,993641
2019-08-12,12,8,2019,Monday,1,333.679993,336.01001,331.369995,332.940002,329.050537,2683400,126.0,127.379997,124.860001,125.199997,117.841187,728771
2019-08-13,13,8,2019,Tuesday,2,331.820007,337.399994,330.5,332.859985,328.971466,3689700,124.160004,127.099998,123.279999,126.580002,119.140091,1356044
2019-08-14,14,8,2019,Wednesday,3,328.350006,329.540009,320.410004,320.420013,316.676819,5110400,126.18,126.199997,121.540001,121.839996,114.67868,1330499
2019-08-15,15,8,2019,Thursday,4,323.0,328.070007,319.549988,328.0,324.168243,4721800,122.400002,123.720001,120.279999,122.400002,115.205772,1055062
2019-08-16,16,8,2019,Friday,5,330.220001,331.160004,326.480011,330.450012,326.58963,3866600,123.220001,123.739998,121.660004,123.019997,115.78933,1119050
2019-08-19,19,8,2019,Monday,1,334.179993,335.910004,331.399994,333.779999,329.880737,2335600,124.260002,126.540001,124.099998,124.779999,117.445885,950546
2019-08-20,20,8,2019,Tuesday,2,332.470001,333.5,328.880005,331.75,327.874451,2039000,124.199997,126.800003,124.0,126.199997,118.782425,999387
2019-08-21,21,8,2019,Wednesday,3,335.480011,342.579987,333.209991,339.98999,336.018158,3265600,126.5,128.300003,126.239998,128.0,120.476624,698994
2019-08-22,22,8,2019,Thursday,4,342.429993,356.440002,341.01001,354.410004,350.269745,8320900,127.839996,127.839996,124.260002,124.419998,117.10704,1018327
2019-08-23,23,8,2019,Friday,5,355.350006,369.690002,354.350006,356.01001,351.851044,11518700,124.860001,125.400002,122.620003,122.620003,115.412842,1109352
2019-08-26,26,8,2019,Monday,1,365.040009,367.339996,356.890015,359.040009,354.845642,4661100,122.199997,123.559998,121.559998,122.839996,115.619904,620473
2019-08-27,27,8,2019,Tuesday,2,359.420013,361.309998,353.619995,354.730011,350.585999,3740300,122.940002,123.199997,121.760002,122.559998,115.356361,797067
2019-08-28,28,8,2019,Wednesday,3,353.309998,360.190002,351.179993,359.970001,355.764771,2402000,122.199997,122.440002,120.480003,121.599998,114.452782,645687
2019-08-29,29,8,2019,Thursday,4,363.850006,366.040009,360.170013,362.73999,358.50238,2717500,121.400002,125.400002,121.120003,125.279999,117.916489,973076
2019-08-30,30,8,2019,Friday,5,364.369995,366.369995,362.399994,364.089996,359.836639,3147000,125.580002,126.199997,125.139999,125.339996,117.972969,899281
2019-09-03,3,9,2019,Tuesday,2,354.109985,355.320007,350.609985,354.420013,350.279633,4272200,125.519997,125.639999,123.279999,124.620003,117.295288,619706
2019-09-04,4,9,2019,Wednesday,3,357.679993,358.029999,354.429993,356.529999,352.36496,2737100,125.599998,126.339996,124.959999,126.199997,118.782425,638872
2019-09-05,5,9,2019,Thursday,4,360.140015,364.709991,359.130005,360.299988,356.090912,3643300,127.0,128.779999,126.720001,127.32,119.836594,811224
2019-09-06,6,9,2019,Friday,5,361.609985,364.910004,359.119995,363.0,358.759369,3022600,127.0,127.720001,126.160004,126.599998,119.158913,840371
2019-09-09,9,9,2019,Monday,1,357.980011,360.929993,354.730011,358.779999,354.588654,4183300,126.540001,127.019997,125.660004,126.839996,119.384804,752032
2019-09-10,10,9,2019,Tuesday,2,359.0,369.48999,358.549988,369.48999,365.173553,4547200,126.5,126.980003,122.220001,122.300003,115.111656,1316005
2019-09-11,11,9,2019,Wednesday,3,368.73999,383.5,368.0,382.940002,378.466431,8437000,123.040001,123.720001,122.339996,123.5,116.241119,840873
2019-09-12,12,9,2019,Thursday,4,383.709991,384.0,374.309998,375.630005,371.241852,4495300,124.139999,126.580002,123.5,124.82,117.483528,1155604
2019-09-13,13,9,2019,Friday,5,377.390015,381.75,377.049988,379.76001,375.323578,3628900,124.959999,126.080002,124.260002,125.5,118.123558,1176707
2019-09-16,16,9,2019,Monday,1,378.140015,381.630005,375.0,378.850006,374.424194,3055500,121.0,122.059998,118.720001,121.239998,114.113953,1617882
2019-09-17,17,9,2019,Tuesday,2,378.410004,385.309998,377.799988,384.200012,379.711731,3269500,121.0,122.199997,120.519997,121.959999,114.791634,982862
2019-09-18,18,9,2019,Wednesday,3,383.25,386.73999,379.799988,386.410004,381.895905,4186400,121.900002,122.82,121.199997,122.82,115.601089,983968
2019-09-19,19,9,2019,Thursday,4,386.140015,388.519989,382.899994,384.440002,379.948914,2928800,122.5,124.080002,122.199997,124.080002,116.787025,857922
2019-09-20,20,9,2019,Friday,5,384.109985,384.730011,377.920013,379.390015,374.957916,6643000,123.480003,123.699997,119.620003,120.099998,113.040955,3206085
2019-09-23,23,9,2019,Monday,1,376.609985,380.100006,374.420013,377.029999,372.625458,2674900,120.199997,120.879997,117.5,119.800003,112.758591,1406075
2019-09-24,24,9,2019,Tuesday,2,379.540009,381.890015,375.309998,381.649994,377.191498,3533300,119.879997,120.040001,117.800003,118.800003,111.817368,998744
2019-09-25,25,9,2019,Wednesday,3,384.910004,391.0,383.100006,386.200012,381.688354,4705500,118.199997,120.959999,117.879997,120.959999,113.85041,1277126
2019-09-26,26,9,2019,Thursday,4,387.100006,388.230011,383.329987,386.890015,382.3703,2520400,120.440002,121.459999,119.059998,119.540001,112.51387,1048743
2019-09-27,27,9,2019,Friday,5,388.190002,389.690002,381.309998,382.859985,378.38736,2730800,119.800003,120.0,118.339996,119.0,112.005615,1304700
2019-09-30,30,9,2019,Monday,1,383.0,383.769989,376.690002,380.470001,376.025269,3183300,119.360001,119.559998,118.32,119.199997,112.193848,1268603
2019-10-01,1,10,2019,Tuesday,2,381.700012,382.850006,374.630005,374.940002,370.559906,2943800,120.0,120.360001,116.160004,116.739998,109.878448,1419321
2019-10-02,2,10,2019,Wednesday,3,371.850006,372.98999,363.769989,367.359985,363.06842,3698300,116.760002,117.160004,114.360001,114.360001,107.638336,1574583
2019-10-03,3,10,2019,Thursday,4,366.209991,372.25,363.230011,372.070007,367.723419,2623900,117.300003,119.959999,117.300003,119.220001,112.212685,2224977
2019-10-04,4,10,2019,Friday,5,372.25,376.130005,371.720001,375.700012,371.311005,2008400,119.879997,119.980003,117.239998,117.779999,110.857315,1239220
2019-10-07,7,10,2019,Monday,1,374.059998,378.149994,373.059998,376.540009,372.141205,1931800,117.779999,117.779999,116.18,117.220001,110.330238,789409
2019-10-08,8,10,2019,Tuesday,2,371.049988,377.339996,368.640015,374.100006,369.729706,4030200,117.940002,120.220001,117.360001,117.699997,110.782021,1331108
2019-10-09,9,10,2019,Wednesday,3,376.0,377.859985,373.5,374.959991,370.579651,2774100,117.5,118.0,115.279999,117.379997,110.480827,1063658
2019-10-10,10,10,2019,Thursday,4,373.700012,374.540009,370.329987,371.0,366.665924,2723700,117.040001,117.959999,115.400002,117.919998,110.98909,947625
2019-10-11,11,10,2019,Friday,5,373.0,376.940002,370.079987,374.920013,370.540161,3935400,117.540001,119.519997,116.800003,118.879997,111.892662,1192461
2019-10-14,14,10,2019,Monday,1,374.25,378.700012,372.679993,373.179993,368.820435,2124500,118.279999,118.900002,117.620003,118.300003,111.346756,647740
2019-10-15,15,10,2019,Tuesday,2,372.579987,373.529999,370.529999,370.959991,366.626373,2836600,119.440002,120.779999,118.919998,119.440002,112.419746,1194631
2019-10-16,16,10,2019,Wednesday,3,370.220001,377.420013,369.23999,372.429993,368.079193,3657100,119.099998,119.900002,118.32,119.32,112.306801,844506
2019-10-17,17,10,2019,Thursday,4,372.420013,373.799988,369.059998,369.059998,364.748596,2397100,119.519997,121.379997,119.019997,119.839996,112.796227,1169680
2019-10-18,18,10,2019,Friday,5,369.0,369.350006,344.0,344.0,339.981323,13544300,119.800003,120.5,119.160004,120.400002,113.323318,1178061
2019-10-21,21,10,2019,Monday,1,332.890015,334.23999,324.399994,331.059998,327.192505,15493100,120.379997,122.18,119.480003,122.0,114.829277,1082580
2019-10-22,22,10,2019,Tuesday,2,336.070007,341.480011,334.459991,337.0,333.06311,7949700,121.980003,122.580002,121.519997,121.860001,114.69751,1191168
2019-10-23,23,10,2019,Wednesday,3,345.0,350.799988,336.5,340.5,336.522217,10960800,120.699997,120.82,118.959999,120.160004,113.097435,1055759
2019-10-24,24,10,2019,Thursday,4,341.700012,345.73999,337.769989,344.549988,340.524872,5382700,120.5,122.580002,120.260002,122.260002,115.074005,849238
2019-10-25,25,10,2019,Friday,5,342.920013,343.369995,338.899994,339.829987,335.860046,4058000,123.0,123.760002,122.160004,123.519997,116.259933,699180
2019-10-28,28,10,2019,Monday,1,341.5,344.980011,339.48999,340.880005,336.897766,3234500,123.800003,125.220001,123.239998,124.68,117.351761,914618
2019-10-29,29,10,2019,Tuesday,2,340.190002,349.720001,339.220001,348.929993,344.853729,6113600,125.18,128.179993,124.540001,125.760002,118.368279,1827547
2019-10-30,30,10,2019,Wednesday,3,346.630005,350.0,343.269989,346.059998,342.017242,3997600,122.0,129.979996,121.639999,129.979996,122.340248,2393868
2019-10-31,31,10,2019,Thursday,4,344.700012,346.059998,339.450012,339.910004,335.939117,3868400,129.979996,130.360001,128.139999,128.419998,120.871933,1987720
2019-11-01,1,11,2019,Friday,5,340.589996,345.190002,339.5,345.190002,341.15744,3538200,129.199997,130.360001,128.139999,129.979996,122.340248,1372617
2019-11-04,4,11,2019,Monday,1,346.459991,351.450012,346.049988,351.089996,346.988495,3703000,130.380005,132.199997,130.039993,130.839996,123.149704,1231104
2019-11-05,5,11,2019,Tuesday,2,355.230011,361.609985,353.190002,358.290009,354.104401,5468900,130.880005,130.880005,128.600006,130.119995,122.472015,1098427
2019-11-06,6,11,2019,Wednesday,3,358.859985,359.399994,353.130005,354.190002,350.052307,3815700,129.979996,131.440002,129.320007,131.039993,123.337936,1034298
2019-11-07,7,11,2019,Thursday,4,356.119995,359.399994,355.049988,357.309998,355.196686,2834500,131.259995,132.559998,131.179993,132.279999,124.505066,1033920
2019-11-08,8,11,2019,Friday,5,356.399994,357.0,350.549988,351.0,348.924011,3218200,131.580002,132.960007,130.899994,132.960007,125.145096,1001098
2019-11-11,11,11,2019,Monday,1,349.040009,369.75,345.559998,366.959991,364.789612,11483400,132.539993,133.899994,132.5,132.860001,125.050964,717859
2019-11-12,12,11,2019,Tuesday,2,366.48999,367.109985,360.01001,362.880005,360.733734,5769700,133.199997,135.240005,132.639999,134.679993,126.763992,1117643
2019-11-13,13,11,2019,Wednesday,3,361.869995,366.619995,361.119995,362.5,360.355988,3453700,134.800003,135.559998,134.160004,135.5,127.535805,1005889
2019-11-14,14,11,2019,Thursday,4,363.100006,368.480011,361.480011,367.440002,365.266785,5339600,135.860001,136.779999,135.0,135.860001,127.874649,685658
2019-11-15,15,11,2019,Friday,5,370.0,373.480011,369.299988,371.679993,369.481689,5493100,136.679993,137.320007,135.619995,136.399994,128.382904,1126477
2019-11-18,18,11,2019,Monday,1,371.670013,375.600006,367.899994,369.459991,367.274811,3823800,136.259995,136.559998,133.740005,134.399994,126.500443,1076652
2019-11-19,19,11,2019,Tuesday,2,373.51001,374.829987,361.609985,367.0,364.829376,6670200,134.699997,136.660004,134.699997,135.300003,127.347557,820254
2019-11-20,20,11,2019,Wednesday,3,366.0,370.98999,365.75,370.910004,368.716248,3774800,134.820007,135.800003,134.660004,135.100006,127.159317,756966
2019-11-21,21,11,2019,Thursday,4,369.75,370.76001,366.26001,366.440002,364.272675,2703800,134.820007,135.360001,133.699997,134.039993,126.161606,1012179
2019-11-22,22,11,2019,Friday,5,368.269989,373.549988,366.609985,371.339996,369.143707,3915700,133.960007,135.080002,133.539993,133.699997,125.841606,710551
2019-11-25,25,11,2019,Monday,1,372.519989,374.299988,369.200012,373.130005,370.923126,3324400,134.0,134.800003,133.619995,134.580002,126.669876,766245
2019-11-26,26,11,2019,Tuesday,2,373.660004,374.769989,371.359985,373.51001,371.300873,2859000,134.199997,135.720001,134.100006,135.679993,127.7052,1458490
2019-11-27,27,11,2019,Wednesday,3,369.959991,371.829987,366.799988,368.0,365.823456,4145000,136.139999,136.199997,133.679993,133.940002,126.067505,869935
2019-11-29,29,11,2019,Friday,5,367.5,368.299988,366.179993,366.179993,364.014221,1390900,132.699997,133.5,131.679993,133.399994,125.559235,1529398
2019-12-02,2,12,2019,Monday,1,367.079987,367.380005,355.160004,355.179993,353.079285,4794500,133.860001,134.399994,129.779999,129.779999,122.152,1991605
2019-12-03,3,12,2019,Tuesday,2,352.089996,355.559998,347.609985,352.079987,349.99762,4683500,130.0,130.300003,124.059998,124.059998,116.768204,2874629
2019-12-04,4,12,2019,Wednesday,3,354.700012,355.290009,348.820007,348.839996,346.776764,3014200,124.660004,128.380005,124.5,127.980003,120.457802,2347993
2019-12-05,5,12,2019,Thursday,4,350.220001,350.420013,345.589996,345.679993,343.635468,4719600,127.599998,127.879997,126.860001,127.0,119.5354,1298325
2019-12-06,6,12,2019,Friday,5,347.73999,354.399994,347.109985,354.089996,351.995728,2856100,127.279999,128.279999,126.199997,127.040001,119.573044,1126397
2019-12-09,9,12,2019,Monday,1,352.670013,353.600006,349.570007,351.209991,349.132751,2844600,126.900002,127.059998,124.620003,124.940002,117.596481,1309613
2019-12-10,10,12,2019,Tuesday,2,350.149994,351.399994,347.450012,347.899994,345.842346,2920900,124.459999,124.599998,122.519997,124.220001,116.9188,1488075
2019-12-11,11,12,2019,Wednesday,3,342.100006,350.029999,338.5,350.0,347.929932,7369100,123.440002,124.379997,123.040001,124.0,116.711723,1122774
2019-12-12,12,12,2019,Thursday,4,348.25,351.070007,341.0,346.290009,344.241882,5970000,124.400002,125.220001,123.0,124.160004,116.862328,1330270
2019-12-13,13,12,2019,Friday,5,346.299988,349.309998,341.100006,341.670013,339.6492,4526300,126.839996,127.360001,124.839996,125.900002,118.500053,1716714
2019-12-16,16,12,2019,Monday,1,328.529999,336.230011,326.429993,327.0,325.065948,16488200,127.0,129.320007,126.559998,129.220001,121.624924,1551759
2019-12-17,17,12,2019,Tuesday,2,322.059998,330.950012,320.609985,327.0,325.065948,13526400,131.199997,132.0,129.139999,131.5,123.770897,2058897
2019-12-18,18,12,2019,Wednesday,3,328.720001,335.25,328.140015,330.679993,328.724182,7029300,131.479996,132.240005,130.360001,130.720001,123.036751,1724054
2019-12-19,19,12,2019,Thursday,4,332.899994,334.809998,330.980011,333.5,331.527496,5492600,130.839996,130.880005,129.520004,130.820007,123.130882,1293684
2019-12-20,20,12,2019,Friday,5,334.619995,335.5,328.0,328.0,326.060028,9489400,130.740005,132.5,130.160004,131.880005,124.128578,2250131
2019-12-23,23,12,2019,Monday,1,336.75,340.589996,334.200012,337.549988,335.553558,9534800,132.199997,133.279999,131.199997,132.779999,124.97567,779143
2019-12-24,24,12,2019,Tuesday,2,339.51001,339.75,332.619995,333.0,331.030457,4120100,133.139999,133.539993,132.320007,133.139999,125.314514,214381
2019-12-27,27,12,2019,Friday,5,330.200012,333.649994,329.170013,330.140015,328.187408,4124000,133.479996,134.880005,132.759995,133.279999,125.446274,693498
2019-12-30,30,12,2019,Monday,1,330.5,330.630005,325.709991,326.399994,324.469513,4525500,133.119995,133.419998,129.960007,130.0,122.359062,847345
