Date,Day,Month,Year,dayName,dayOfWeek,Open_BA,High_BA,Low_BA,Close_BA,Adj_Close_BA,Volume_BA,Open_AIR,High_AIR,Low_AIR,Close_AIR,Adj_Close_AIR,Volume_AIR,Performance_BA,Performance_AIR,Event
2018-10-01,1,10,2018,Monday,1,375.160004,383.209991,375.0,382.290009,369.762512,4755700,108.68,108.739998,107.099998,107.400002,99.681061,824742,1,0,0
2018-10-02,2,10,2018,Tuesday,2,380.850006,388.619995,379.769989,386.369995,373.708771,4622600,106.300003,106.400002,105.400002,105.68,98.084671,1403390,1,0,0
2018-10-03,3,10,2018,Wednesday,3,388.899994,394.279999,386.690002,392.299988,379.444458,4794300,106.239998,107.339996,105.839996,107.059998,99.365494,1167252,1,1,0
2018-10-04,4,10,2018,Thursday,4,390.73999,391.089996,385.290009,389.98999,377.210175,3822300,106.739998,106.739998,104.559998,105.260002,97.694862,1429096,0,0,0
2018-10-05,5,10,2018,Friday,5,389.0,392.390015,383.029999,386.470001,373.805511,2899700,105.599998,106.300003,104.0,104.0,96.525414,1067060,0,0,0
2018-10-08,8,10,2018,Monday,1,383.839996,386.730011,377.350006,385.769989,373.128448,3324000,104.339996,105.959999,102.160004,103.620003,96.172729,1659963,1,0,0
2018-10-09,9,10,2018,Tuesday,2,384.369995,386.820007,381.140015,385.440002,372.809265,2862700,103.760002,104.379997,101.040001,102.5,95.133224,1306812,1,0,0
2018-10-10,10,10,2018,Wednesday,3,382.959991,383.799988,367.089996,367.470001,355.428131,6033100,102.699997,103.099998,98.900002,98.989998,91.875488,1831247,0,0,0
2018-10-11,11,10,2018,Thursday,4,363.440002,369.850006,355.100006,358.109985,346.374847,6266800,97.019997,99.510002,93.589996,97.330002,90.334793,3507915,0,1,0
2018-10-12,12,10,2018,Friday,5,366.01001,367.119995,352.26001,360.109985,348.309357,5509700,99.0,101.440002,98.010002,100.260002,93.054214,2510746,0,1,0
2018-10-15,15,10,2018,Monday,1,359.459991,362.549988,355.5,358.880005,347.119659,2979800,99.139999,100.220001,97.809998,97.809998,90.780289,1822785,0,0,0
2018-10-16,16,10,2018,Tuesday,2,360.450012,368.570007,358.549988,368.25,356.182556,2822500,97.800003,101.720001,97.550003,101.720001,94.409286,1877647,1,1,0
2018-10-17,17,10,2018,Wednesday,3,368.0,368.5,362.700012,365.5,353.522705,2238200,102.239998,102.620003,100.18,100.860001,93.611092,1286634,0,0,0
2018-10-18,18,10,2018,Thursday,4,364.820007,367.76001,356.76001,359.350006,347.574249,3254900,100.279999,101.519997,98.779999,99.309998,92.172485,1630849,0,0,0
2018-10-19,19,10,2018,Friday,5,359.799988,359.869995,354.209991,356.26001,344.58548,3491600,99.790001,101.440002,97.050003,97.949997,90.910233,2488856,0,0,0
2018-10-22,22,10,2018,Monday,1,357.850006,358.76001,352.459991,355.980011,344.314667,2263500,98.339996,98.879997,96.309998,96.309998,89.388107,1441080,0,0,0
2018-10-23,23,10,2018,Tuesday,2,349.5,353.559998,342.829987,350.049988,338.578979,4389600,96.5,96.5,94.099998,94.139999,87.374062,2542403,1,0,0
2018-10-24,24,10,2018,Wednesday,3,361.589996,364.600006,351.690002,354.649994,343.028229,8442600,95.260002,96.949997,93.510002,95.309998,88.459969,2651513,0,1,0
2018-10-25,25,10,2018,Thursday,4,357.299988,364.390015,354.970001,363.769989,351.849365,4003500,95.019997,98.300003,94.75,97.940002,90.900955,2271247,1,1,0
2018-10-26,26,10,2018,Friday,5,360.700012,363.299988,354.119995,359.269989,347.496826,4073000,96.879997,96.879997,91.519997,96.150002,89.239609,3184210,0,0,0
2018-10-29,29,10,2018,Monday,1,360.549988,361.709991,328.630005,335.589996,324.592834,7462000,95.389999,99.889999,94.75,95.830002,88.942612,1467805,0,1,0
2018-10-30,30,10,2018,Tuesday,2,330.350006,351.049988,329.769989,349.910004,338.443573,5774000,96.480003,97.080002,92.239998,93.900002,87.151314,2644992,1,0,0
2018-10-31,31,10,2018,Wednesday,3,352.51001,363.410004,352.51001,354.859985,343.231323,4175600,96.25,99.769997,93.019997,97.709999,90.687485,3915169,1,1,0
2018-11-01,1,11,2018,Thursday,4,357.470001,364.570007,353.200012,363.070007,351.172363,3760700,97.639999,98.230003,96.0,96.5,89.564453,1878563,1,0,0
2018-11-02,2,11,2018,Friday,5,366.970001,371.540009,356.76001,357.75,346.026703,4029800,97.290001,98.769997,95.389999,95.610001,88.738419,1694118,0,0,0
2018-11-05,5,11,2018,Monday,1,359.76001,363.290009,356.480011,361.980011,350.118042,2253900,96.010002,96.400002,94.739998,95.379997,88.52494,1217718,1,0,0
2018-11-06,6,11,2018,Tuesday,2,362.410004,368.440002,362.109985,366.470001,354.460938,2471900,96.0,96.989998,95.559998,95.849998,88.961166,1340977,1,0,0
2018-11-07,7,11,2018,Wednesday,3,367.640015,372.850006,359.5,372.019989,359.829041,4015300,96.400002,97.129997,95.449997,96.089996,89.183907,1152082,1,0,0
2018-11-08,8,11,2018,Thursday,4,369.329987,373.700012,365.549988,370.769989,360.276001,2751800,96.089996,96.839996,95.400002,95.650002,88.775536,1182886,1,0,0
2018-11-09,9,11,2018,Friday,5,367.829987,371.0,366.119995,369.339996,358.886475,2590300,95.449997,95.510002,94.019997,94.68,87.875252,1236728,1,0,0
2018-11-12,12,11,2018,Monday,1,370.209991,370.480011,355.98999,357.029999,346.924927,3088700,94.900002,95.660004,94.209999,94.389999,87.606102,973198,0,0,0
2018-11-13,13,11,2018,Tuesday,2,349.549988,355.380005,342.040009,349.51001,339.617706,4960000,94.57,96.849998,94.550003,96.419998,89.490196,1377906,0,1,0
2018-11-14,14,11,2018,Wednesday,3,352.089996,355.850006,343.890015,344.720001,334.963318,3445800,95.879997,97.190002,94.040001,95.529999,88.664162,1460615,0,0,0
2018-11-15,15,11,2018,Thursday,4,341.119995,347.980011,336.51001,341.570007,331.902466,4863000,96.360001,96.489998,93.269997,93.860001,87.114189,1396280,1,0,0
2018-11-16,16,11,2018,Friday,5,339.0,340.190002,331.160004,335.950012,326.441528,4425200,94.580002,94.800003,91.889999,92.889999,86.213913,1497327,0,0,0
2018-11-19,19,11,2018,Monday,1,335.549988,336.040009,317.200012,320.940002,311.856384,6782800,92.900002,93.959999,92.410004,92.57,85.916901,1260960,0,0,0
2018-11-20,20,11,2018,Tuesday,2,302.100006,322.179993,296.609985,317.700012,308.708099,6875900,91.559998,92.330002,89.959999,91.07,84.524704,1772439,1,0,0
2018-11-21,21,11,2018,Wednesday,3,325.070007,326.890015,315.570007,317.320007,308.338837,4401000,91.980003,93.209999,90.730003,93.169998,86.47377,1473760,0,1,0
2018-11-23,23,11,2018,Friday,5,315.0,317.0,311.869995,312.320007,303.480316,1599400,92.139999,93.639999,92.139999,93.410004,86.696533,901392,0,1,0
2018-11-26,26,11,2018,Monday,1,315.559998,318.589996,310.660004,316.359985,307.405975,3362300,94.199997,95.129997,93.459999,93.580002,86.854309,1261680,1,0,0
2018-11-27,27,11,2018,Tuesday,2,315.279999,318.559998,310.959991,318.029999,309.028717,2946400,93.830002,94.160004,93.160004,93.699997,86.965683,1306476,1,0,0
2018-11-28,28,11,2018,Wednesday,3,325.720001,334.01001,321.730011,333.5,324.060883,6117600,93.959999,94.019997,93.400002,93.5,86.78006,1231357,1,0,0
2018-11-29,29,11,2018,Thursday,4,335.970001,343.230011,334.059998,342.559998,332.864471,5331900,94.0,95.419998,93.970001,94.860001,88.042313,1819874,1,1,0
2018-11-30,30,11,2018,Friday,5,341.940002,347.579987,337.5,346.76001,336.945587,5374000,95.370003,95.459999,94.449997,94.620003,87.819572,1370144,1,0,0
2018-12-03,3,12,2018,Monday,1,364.309998,369.0,356.369995,359.959991,349.771973,6573400,97.269997,97.300003,95.059998,95.699997,88.821945,1246570,0,0,0
2018-12-04,4,12,2018,Tuesday,2,357.0,358.320007,341.73999,342.5,332.806152,5199100,95.389999,95.669998,94.260002,94.269997,87.49472,1354279,0,0,0
2018-12-06,6,12,2018,Thursday,4,329.98999,333.630005,317.299988,331.899994,322.506165,9297400,90.940002,91.050003,88.150002,88.639999,82.269356,2054120,1,0,1
2018-12-07,7,12,2018,Friday,5,332.350006,337.609985,321.390015,323.220001,314.071869,4526300,90.050003,90.860001,89.07,89.07,82.668449,1517734,0,0,0
2018-12-10,10,12,2018,Monday,1,321.269989,327.200012,315.51001,326.350006,317.113251,4400500,88.610001,89.559998,87.389999,87.489998,81.202003,1787443,1,0,0
2018-12-11,11,12,2018,Tuesday,2,333.25,334.48999,318.75,322.029999,312.915497,3566400,88.080002,89.849998,87.440002,88.599998,82.232231,1605717,0,1,0
2018-12-12,12,12,2018,Wednesday,3,327.380005,331.899994,324.660004,326.690002,317.443604,3424800,89.18,91.769997,88.610001,91.480003,84.905251,2067671,0,1,0
2018-12-13,13,12,2018,Thursday,4,328.399994,328.73999,324.170013,325.470001,316.258179,2247700,91.57,92.300003,89.730003,89.970001,83.503769,1739620,0,0,0
2018-12-14,14,12,2018,Friday,5,322.450012,323.910004,315.559998,318.75,309.728363,3298400,89.290001,89.790001,88.32,88.669998,82.297195,2106031,0,0,0
2018-12-17,17,12,2018,Monday,1,316.910004,327.220001,314.440002,316.130005,307.182495,4968400,88.43,88.900002,86.959999,87.650002,81.35051,1316386,0,0,0
2018-12-18,18,12,2018,Tuesday,2,325.459991,332.089996,323.200012,328.059998,318.774872,5881100,87.580002,89.269997,87.059998,88.650002,82.278641,1654569,1,1,0
2018-12-19,19,12,2018,Wednesday,3,329.329987,333.480011,316.100006,319.549988,310.505707,4871500,88.830002,88.989998,87.040001,87.199997,80.932854,1731218,0,0,0
2018-12-20,20,12,2018,Thursday,4,317.0,321.820007,308.0,313.049988,304.189636,5368600,85.599998,85.599998,78.830002,83.330002,77.340996,3558647,0,0,0
2018-12-21,21,12,2018,Friday,5,309.089996,314.970001,304.01001,304.549988,295.930237,7641700,82.75,84.209999,82.050003,83.099998,77.127518,3670837,0,1,0
2018-12-24,24,12,2018,Monday,1,300.649994,303.0,294.160004,294.160004,285.834351,3435300,81.540001,82.580002,81.199997,81.629997,75.763168,392591,0,1,0
2018-12-27,27,12,2018,Thursday,4,309.040009,317.140015,302.23999,317.140015,308.163971,4341100,82.919998,83.730003,81.059998,82.099998,76.199394,1611466,1,0,0
2018-12-28,28,12,2018,Friday,5,319.73999,321.529999,315.149994,316.380005,307.425446,3725200,82.980003,84.330002,82.559998,83.760002,77.740089,1257945,0,1,0
2018-12-31,31,12,2018,Monday,1,320.5,323.640015,318.75,322.5,313.372253,3557700,83.830002,84.220001,83.269997,83.959999,77.925713,426473,1,1,0
2019-01-02,2,1,2019,Wednesday,3,316.190002,323.950012,313.709991,323.809998,314.645172,3292200,83.580002,84.449997,82.099998,84.169998,78.120613,1483033,1,1,0
2019-01-03,3,1,2019,Thursday,4,319.48999,319.73999,309.399994,310.899994,302.100525,5705600,83.330002,83.75,77.5,81.209999,75.373352,1964509,0,0,0
2019-01-04,4,1,2019,Friday,5,316.690002,328.440002,316.079987,327.079987,317.822601,4448800,82.160004,85.519997,81.529999,85.120003,79.002335,2006859,1,1,0
2019-01-07,7,1,2019,Monday,1,330.519989,330.690002,323.350006,328.109985,318.823425,4030300,85.959999,86.949997,82.639999,83.559998,77.554459,1428948,0,0,0
2019-01-08,8,1,2019,Tuesday,2,334.109985,341.25,332.649994,340.529999,330.891968,4736500,83.830002,88.610001,83.559998,86.650002,80.422379,2533915,1,1,0
2019-01-09,9,1,2019,Wednesday,3,342.959991,347.200012,340.869995,343.829987,334.098511,4213900,88.5,90.540001,87.68,89.68,83.234604,2365398,1,1,0
2019-01-10,10,1,2019,Thursday,4,346.51001,353.470001,343.0,352.609985,342.629974,5358100,89.0,89.699997,87.870003,89.610001,83.16964,1321653,1,1,0
2019-01-11,11,1,2019,Friday,5,348.559998,354.359985,348.089996,352.899994,342.911835,3158900,89.919998,90.0,88.190002,88.379997,82.028038,1184652,1,0,0
2019-01-14,14,1,2019,Monday,1,348.200012,352.809998,347.01001,350.359985,340.443665,2476400,87.870003,90.440002,87.790001,89.910004,83.448082,1339132,1,1,0
2019-01-15,15,1,2019,Tuesday,2,352.0,353.320007,347.980011,352.23999,342.270447,2940900,90.5,92.5,90.419998,92.309998,85.675591,1870631,1,1,0
2019-01-16,16,1,2019,Wednesday,3,352.5,355.0,351.559998,352.059998,342.095612,2731100,92.5,93.040001,91.599998,92.540001,85.889061,1383158,0,1,0
2019-01-17,17,1,2019,Thursday,4,350.75,363.829987,350.730011,359.089996,348.926605,4270400,91.699997,92.339996,90.860001,91.760002,85.165123,1196890,1,1,0
2019-01-18,18,1,2019,Friday,5,363.880005,367.320007,361.320007,364.730011,354.406982,4256500,92.449997,94.080002,92.199997,93.660004,86.928566,1498962,1,1,0
2019-01-22,22,1,2019,Tuesday,2,362.859985,364.200012,354.230011,357.899994,347.770264,4336500,94.529999,95.050003,93.879997,94.75,87.940224,1284328,0,1,0
2019-01-23,23,1,2019,Wednesday,3,361.910004,362.200012,353.670013,358.609985,348.460175,2924900,93.970001,95.279999,93.309998,93.809998,87.06778,1313183,0,0,0
2019-01-24,24,1,2019,Thursday,4,358.910004,363.179993,356.899994,358.269989,348.129791,2801300,94.239998,95.919998,93.970001,95.919998,89.026131,1534265,0,1,0
2019-01-25,25,1,2019,Friday,5,362.48999,366.940002,360.329987,364.200012,353.892029,3185600,96.0,97.120003,95.599998,96.510002,89.57373,1575939,1,1,0
2019-01-28,28,1,2019,Monday,1,360.649994,363.170013,357.5,362.970001,352.696808,3128900,96.300003,96.349998,95.07,95.419998,88.562065,986063,1,0,0
2019-01-29,29,1,2019,Tuesday,2,363.070007,367.779999,362.410004,364.910004,354.58194,3202700,95.779999,96.889999,95.25,96.050003,89.14679,919305,1,1,0
2019-01-30,30,1,2019,Wednesday,3,387.399994,391.970001,380.5,387.720001,376.746307,12705300,96.300003,99.019997,95.779999,99.0,91.884781,2213713,1,1,1
2019-01-31,31,1,2019,Thursday,4,387.160004,388.98999,382.079987,385.619995,374.705719,6878500,100.0,100.459999,99.120003,100.220001,93.01709,2125869,0,1,0
2019-02-01,1,2,2019,Friday,5,386.109985,392.799988,384.730011,387.429993,376.464508,5625700,101.019997,102.120003,100.019997,101.120003,93.852402,1587528,1,1,0
2019-02-04,4,2,2019,Monday,1,388.970001,397.070007,388.119995,397.0,385.763641,4256600,101.199997,102.019997,100.739998,101.400002,94.112289,986555,1,1,0
2019-02-05,5,2,2019,Tuesday,2,400.75,410.75,399.549988,410.179993,398.570587,7230400,101.360001,102.720001,100.620003,102.0,94.669167,1373286,1,1,0
2019-02-06,6,2,2019,Wednesday,3,411.51001,413.880005,405.660004,411.109985,399.474243,5356000,102.019997,102.18,101.080002,102.080002,94.743401,892011,0,1,0
2019-02-07,7,2,2019,Thursday,4,407.929993,410.350006,402.290009,405.170013,395.680267,5211400,101.120003,101.779999,99.830002,99.830002,92.655121,1491323,0,0,0
2019-02-08,8,2,2019,Friday,5,400.0,404.959991,397.799988,404.910004,395.426392,4570900,99.830002,101.339996,98.050003,99.940002,92.75721,1262531,1,1,0
2019-02-11,11,2,2019,Monday,1,408.100006,409.829987,402.690002,403.950012,394.488861,3046900,101.900002,103.279999,101.5,102.0,94.669167,1314998,0,1,0
2019-02-12,12,2,2019,Tuesday,2,407.0,411.209991,405.399994,410.720001,401.100311,3263300,102.980003,103.459999,102.440002,102.779999,95.393097,1384956,1,0,0
2019-02-13,13,2,2019,Wednesday,3,412.519989,412.720001,407.670013,410.579987,400.963562,3078700,102.800003,104.739998,102.620003,104.379997,96.878105,1810340,0,1,0
2019-02-14,14,2,2019,Thursday,4,408.929993,412.220001,407.799988,409.820007,400.221375,2724300,108.0,110.940002,107.18,107.18,99.476868,3418594,1,0,0
2019-02-15,15,2,2019,Friday,5,412.480011,418.049988,411.429993,417.970001,408.180481,4017300,107.260002,111.760002,107.260002,110.980003,103.003761,2474676,1,1,0
2019-02-19,19,2,2019,Tuesday,2,415.5,417.940002,414.540009,416.26001,406.510559,3051500,111.440002,111.459999,109.959999,111.139999,103.15226,1663311,1,0,0
2019-02-20,20,2,2019,Wednesday,3,417.140015,421.839996,417.109985,421.549988,411.676605,3990100,111.019997,111.400002,110.400002,111.120003,103.133698,1530872,1,1,0
2019-02-21,21,2,2019,Thursday,4,421.579987,422.410004,415.679993,417.579987,407.799591,2880500,111.400002,112.080002,110.599998,111.360001,103.356445,1937817,0,0,0
2019-02-22,22,2,2019,Friday,5,419.700012,424.470001,419.140015,424.049988,414.118073,3132300,111.739998,113.82,111.620003,113.699997,105.528267,1662516,1,1,0
2019-02-25,25,2,2019,Monday,1,427.48999,429.920013,426.519989,426.869995,416.87204,3276100,113.779999,113.980003,112.660004,113.339996,105.194138,1312486,0,0,0
2019-02-26,26,2,2019,Tuesday,2,426.0,429.0,424.25,426.769989,416.774384,2503700,113.0,113.440002,112.559998,113.120003,104.989952,1162067,1,1,0
2019-02-27,27,2,2019,Wednesday,3,427.170013,436.329987,427.149994,435.440002,425.241333,4603800,112.580002,113.480003,112.5,113.459999,105.305527,1255186,1,1,0
2019-02-28,28,2,2019,Thursday,4,438.700012,441.420013,437.079987,439.959991,429.655426,5063100,113.260002,113.839996,112.900002,113.599998,105.435448,1473561,1,1,0
2019-03-01,1,3,2019,Friday,5,446.01001,446.01001,440.190002,440.619995,430.299957,5124200,114.059998,114.339996,113.339996,113.900002,105.71389,1263899,0,0,0
2019-03-04,4,3,2019,Monday,1,443.220001,444.5,426.630005,432.690002,422.555725,5971000,114.300003,114.900002,113.68,114.019997,105.825272,1133867,0,0,0
2019-03-05,5,3,2019,Tuesday,2,431.040009,433.850006,428.640015,430.119995,420.045898,2844300,113.5,113.660004,112.120003,113.239998,105.101334,1510042,0,0,0
2019-03-06,6,3,2019,Wednesday,3,429.700012,432.0,422.079987,424.459991,414.518463,4159400,112.839996,113.940002,112.82,113.720001,105.546837,1035032,0,1,0
2019-03-07,7,3,2019,Thursday,4,423.359985,434.350006,416.440002,422.559998,412.662964,4893600,113.139999,113.660004,112.080002,112.739998,104.637268,1682374,0,0,0
2019-03-08,8,3,2019,Friday,5,416.769989,423.429993,415.5,422.540009,412.643463,3794900,110.919998,111.919998,109.300003,111.519997,103.504936,1678207,1,1,0
2019-03-11,11,3,2019,Monday,1,371.269989,402.670013,365.549988,400.01001,390.641113,34742200,112.0,113.160004,111.559998,112.959999,104.841454,1217340,1,1,1
2019-03-12,12,3,2019,Tuesday,2,384.709991,390.0,368.0,375.410004,366.61731,36922600,114.099998,114.68,112.699997,114.580002,106.345024,1614290,0,1,1
2019-03-13,13,3,2019,Wednesday,3,378.429993,381.769989,363.329987,377.140015,368.306793,32662300,115.0,116.959999,114.580002,116.879997,108.479713,2334138,0,1,1
2019-03-14,14,3,2019,Thursday,4,374.98999,380.390015,372.100006,373.299988,364.556732,13514100,117.019997,117.239998,115.300003,117.0,108.591095,1698454,0,0,1
2019-03-15,15,3,2019,Friday,5,370.880005,385.709991,366.450012,378.98999,370.113464,26697700,116.900002,119.239998,116.82,117.68,109.222221,3463099,1,1,1
2019-03-18,18,3,2019,Monday,1,370.0,373.070007,367.200012,372.279999,363.560608,13119200,118.0,118.080002,116.959999,118.0,109.519226,974655,1,0,1
2019-03-19,19,3,2019,Tuesday,2,371.140015,378.769989,371.01001,373.429993,364.683685,9856100,118.300003,119.199997,117.800003,119.0,110.447357,1217304,1,1,1
2019-03-20,20,3,2019,Wednesday,3,374.700012,380.799988,373.679993,376.160004,367.349762,8737600,118.720001,119.279999,117.419998,117.860001,109.38929,1651569,1,0,0
2019-03-21,21,3,2019,Thursday,4,374.040009,377.0,372.230011,372.700012,363.970825,6951000,118.080002,118.779999,117.260002,118.559998,110.038971,991764,0,1,0
2019-03-22,22,3,2019,Friday,5,368.790009,369.859985,361.529999,362.170013,353.687408,10143900,119.440002,119.440002,114.599998,114.599998,106.363586,1548212,0,0,1
2019-03-25,25,3,2019,Monday,1,365.0,371.209991,362.890015,370.459991,361.783234,7939600,114.019997,114.860001,112.620003,114.040001,105.843834,1607484,1,1,0
2019-03-26,26,3,2019,Tuesday,2,375.579987,375.600006,367.600006,370.380005,361.705139,6479700,114.879997,117.300003,114.879997,116.339996,107.978523,1254958,0,1,0
2019-03-27,27,3,2019,Wednesday,3,371.890015,376.660004,365.549988,374.209991,365.445404,9600000,116.400002,116.779999,114.860001,115.480003,107.180351,1104628,1,0,1
2019-03-28,28,3,2019,Thursday,4,376.600006,376.660004,372.329987,374.440002,365.670013,4921300,115.120003,116.639999,115.099998,116.260002,107.904289,950323,0,1,0
2019-03-29,29,3,2019,Friday,5,376.519989,382.179993,374.73999,381.420013,372.486572,7694700,116.940002,118.199997,116.599998,117.900002,109.426407,1220119,1,1,0
2019-04-01,1,4,2019,Monday,1,385.799988,392.899994,383.100006,391.540009,382.369537,7735700,118.900002,119.120003,117.18,117.760002,109.296471,962091,1,0,0
2019-04-02,2,4,2019,Tuesday,2,388.5,394.829987,388.5,390.75,381.598022,6401000,117.839996,118.260002,116.760002,117.220001,108.795288,1368037,1,0,0
2019-04-03,3,4,2019,Wednesday,3,389.679993,391.540009,384.070007,384.73999,375.72879,7350300,118.800003,119.0,117.720001,118.540001,110.020416,1214807,0,0,0
2019-04-04,4,4,2019,Thursday,4,385.98999,397.059998,385.100006,395.859985,386.588318,9388100,118.639999,118.660004,117.480003,117.82,109.352158,1152087,1,0,1
2019-04-05,5,4,2019,Friday,5,398.070007,398.660004,390.950012,391.929993,382.750366,6857200,118.0,119.220001,117.599998,118.68,110.150345,1614315,0,1,0
2019-04-08,8,4,2019,Monday,1,376.200012,379.799988,371.859985,374.519989,365.748138,14482600,118.879997,121.220001,118.559998,120.739998,112.062302,1502349,0,1,1
2019-04-09,9,4,2019,Tuesday,2,370.290009,372.23999,367.75,369.040009,360.396515,7980100,118.800003,119.580002,117.699997,118.5,109.983292,1453576,0,0,0
2019-04-10,10,4,2019,Wednesday,3,368.399994,368.790009,362.920013,364.940002,356.392517,8285000,118.220001,119.040001,116.5,116.5,108.127037,1420843,0,0,0
2019-04-11,11,4,2019,Thursday,4,364.619995,371.079987,364.209991,370.160004,361.490265,6598400,116.919998,118.339996,116.599998,117.5,109.055161,935093,1,1,0
2019-04-12,12,4,2019,Friday,5,375.75,379.950012,372.0,379.640015,370.74823,7334600,117.540001,119.739998,117.260002,118.599998,110.076103,935016,1,1,0
2019-04-15,15,4,2019,Monday,1,376.700012,377.899994,373.679993,375.459991,366.666138,3822100,117.779999,117.800003,116.699997,117.239998,110.34906,702766,0,0,0
2019-04-16,16,4,2019,Tuesday,2,376.51001,384.640015,375.029999,381.720001,372.77951,7083800,117.0,117.980003,116.379997,117.919998,110.98909,900262,1,1,0
2019-04-17,17,4,2019,Wednesday,3,384.100006,384.190002,377.480011,377.519989,368.677856,4424400,117.580002,119.459999,117.099998,119.040001,112.043259,1333637,0,1,0
2019-04-18,18,4,2019,Thursday,4,377.519989,382.170013,377.519989,380.070007,371.168152,4703100,119.0,120.639999,118.18,120.239998,113.172722,2066169,1,1,0
2019-04-23,23,4,2019,Tuesday,2,375.540009,376.869995,372.609985,374.019989,365.259857,4894500,120.440002,122.800003,119.339996,122.800003,115.58226,1424239,0,1,0
2019-04-24,24,4,2019,Wednesday,3,377.890015,381.149994,373.660004,375.459991,366.666138,9855100,122.900002,123.279999,121.779999,122.199997,115.017525,882275,0,0,1
2019-04-25,25,4,2019,Thursday,4,376.01001,384.799988,372.76001,382.799988,373.834198,6615000,122.239998,122.68,121.220001,121.900002,114.735153,891406,1,0,0
2019-04-26,26,4,2019,Friday,5,383.890015,384.0,378.140015,380.790009,371.871307,4259600,122.400002,123.059998,121.199997,121.860001,114.69751,1018510,0,0,0
2019-04-29,29,4,2019,Monday,1,378.48999,385.299988,376.76001,379.049988,370.172028,5457300,122.0,123.519997,121.519997,123.019997,115.78933,1069541,1,1,0
2019-04-30,30,4,2019,Tuesday,2,379.5,381.140015,375.049988,377.690002,368.843903,3732800,123.980003,124.0,120.800003,121.879997,114.716331,1391362,0,0,0
2019-05-02,2,5,2019,Thursday,4,375.5,377.649994,373.25,375.799988,366.998169,2438800,120.660004,121.580002,119.68,119.980003,112.928017,1602622,1,0,0
2019-05-03,3,5,2019,Friday,5,376.079987,377.899994,374.220001,376.459991,367.6427,2953800,119.239998,120.699997,119.18,119.559998,112.532692,919711,1,1,0
2019-05-06,6,5,2019,Monday,1,367.880005,372.480011,365.630005,371.600006,362.896545,4747600,117.019997,119.839996,115.059998,119.699997,112.664467,943587,1,1,0
2019-05-07,7,5,2019,Tuesday,2,366.329987,367.709991,355.019989,357.230011,348.863129,9740300,119.720001,120.099998,117.059998,117.540001,110.631432,1245034,0,0,1
2019-05-08,8,5,2019,Wednesday,3,357.769989,361.519989,353.329987,359.75,351.324127,6030000,117.68,119.279999,116.940002,118.800003,111.817368,1135884,1,1,0
2019-05-09,9,5,2019,Thursday,4,354.76001,355.649994,347.470001,354.130005,347.822571,6075200,117.639999,118.32,116.379997,116.800003,109.934921,1071567,0,0,0
2019-05-10,10,5,2019,Friday,5,351.869995,355.540009,347.549988,354.670013,348.352936,4574100,117.5,118.360001,116.519997,117.5,110.593773,1146292,1,0,0
2019-05-13,13,5,2019,Monday,1,344.51001,346.630005,337.0,337.369995,331.361115,7757800,117.040001,117.239998,114.82,115.519997,108.730148,1187754,0,0,0
2019-05-14,14,5,2019,Tuesday,2,339.899994,346.100006,337.230011,343.040009,336.930115,4747800,117.0,119.139999,116.699997,119.0,112.005615,1080454,1,1,0
2019-05-15,15,5,2019,Wednesday,3,339.799988,348.799988,337.640015,345.640015,339.483795,4810000,119.059998,120.879997,118.080002,120.879997,113.775108,1225273,1,1,0
2019-05-16,16,5,2019,Thursday,4,348.640015,356.5,345.820007,353.809998,347.50827,6036500,120.660004,122.779999,119.940002,122.5,115.299896,1171146,1,1,0
2019-05-17,17,5,2019,Friday,5,351.5,359.98999,351.160004,355.019989,348.696716,5282900,122.459999,122.82,120.5,121.0,113.888054,1346495,1,0,0
2019-05-20,20,5,2019,Monday,1,353.0,355.940002,350.529999,352.790009,346.50647,3219900,120.720001,121.18,118.239998,119.080002,112.080917,880698,0,0,0
2019-05-21,21,5,2019,Tuesday,2,358.029999,360.769989,354.880005,358.75,352.360291,4022600,119.459999,119.720001,117.839996,118.260002,111.309113,797261,1,0,0
2019-05-22,22,5,2019,Wednesday,3,357.220001,357.570007,351.75,352.779999,346.496643,3841400,118.199997,118.360001,117.360001,118.220001,111.271461,841620,0,1,0
2019-05-23,23,5,2019,Thursday,4,345.920013,351.470001,341.149994,350.549988,344.306335,5305400,117.18,117.779999,114.739998,114.879997,108.127769,1292608,1,0,0
2019-05-24,24,5,2019,Friday,5,355.0,361.399994,353.0,354.899994,348.578857,5387500,115.580002,117.5,115.459999,116.540001,109.690201,941761,0,1,0
2019-05-28,28,5,2019,Tuesday,2,355.290009,359.309998,354.880005,354.880005,348.559235,3504300,116.980003,117.540001,115.68,116.32,109.483124,1121118,0,0,0
2019-05-29,29,5,2019,Wednesday,3,352.589996,352.790009,346.049988,348.799988,342.587463,4160500,115.959999,116.440002,113.120003,114.379997,107.65715,1460847,0,0,0
2019-05-30,30,5,2019,Thursday,4,350.0,351.920013,347.940002,349.869995,343.638428,2183900,114.599998,115.440002,114.480003,115.239998,108.466606,527329,0,1,0
2019-05-31,31,5,2019,Friday,5,345.850006,345.850006,341.359985,341.609985,335.525543,3217600,113.599998,114.879997,112.599998,114.860001,108.10894,1422449,0,1,0
2019-06-03,3,6,2019,Monday,1,338.200012,339.109985,330.670013,338.890015,332.854034,5148000,113.699997,117.160004,112.860001,117.160004,110.273766,1158939,1,1,0
2019-06-04,4,6,2019,Tuesday,2,342.570007,346.410004,340.119995,344.619995,338.481964,3592300,116.5,118.699997,115.18,118.480003,111.516174,1259997,1,1,0
2019-06-05,5,6,2019,Wednesday,3,346.220001,353.25,332.48999,348.75,342.538391,3188400,118.220001,119.860001,117.779999,118.699997,111.723244,1234756,1,1,0
2019-06-06,6,6,2019,Thursday,4,348.179993,351.640015,345.579987,350.640015,344.394775,2582300,119.040001,120.559998,117.779999,117.959999,111.026741,1025038,1,0,0
2019-06-07,7,6,2019,Friday,5,352.299988,355.279999,352.299988,353.700012,347.400238,2470700,118.400002,122.440002,118.059998,120.919998,113.812759,1199498,1,1,0
2019-06-10,10,6,2019,Monday,1,356.0,357.399994,353.549988,353.799988,347.498444,2560800,121.940002,122.0,120.160004,121.059998,113.944534,507749,0,0,0
2019-06-11,11,6,2019,Tuesday,2,355.420013,355.470001,348.130005,349.329987,343.108063,2702700,121.5,124.160004,121.480003,123.400002,116.146996,1125280,0,1,0
2019-06-12,12,6,2019,Wednesday,3,349.0,349.269989,342.799988,347.029999,340.84906,2738300,122.18,123.160004,121.0,122.279999,115.092819,924062,0,1,0
2019-06-13,13,6,2019,Thursday,4,347.25,349.059998,344.100006,348.859985,342.646423,2621300,122.400002,123.699997,122.0,122.660004,115.450493,890365,1,1,0
2019-06-14,14,6,2019,Friday,5,348.0,349.170013,345.890015,347.160004,340.976685,2258400,122.760002,122.940002,121.040001,122.419998,115.224602,873534,0,0,0
2019-06-17,17,6,2019,Monday,1,348.619995,356.049988,347.049988,354.899994,348.578857,3746400,122.839996,125.139999,122.400002,125.0,117.652954,1368430,1,1,0
2019-06-18,18,6,2019,Tuesday,2,357.609985,374.649994,357.600006,373.959991,367.299377,9199200,124.779999,126.5,124.580002,125.459999,118.085915,1679579,1,1,1
2019-06-19,19,6,2019,Wednesday,3,375.399994,379.309998,368.350006,368.559998,361.995575,5716000,125.599998,125.760002,122.559998,123.0,115.770508,1646889,0,0,0
2019-06-20,20,6,2019,Thursday,4,373.0,375.790009,368.959991,374.880005,368.202972,3794500,123.0,124.239998,121.779999,123.459999,116.203468,1751922,1,1,0
2019-06-21,21,6,2019,Friday,5,374.390015,376.109985,371.720001,371.839996,365.217133,4923700,123.279999,124.980003,122.760002,122.779999,115.563431,2456772,0,0,0
2019-06-24,24,6,2019,Monday,1,372.950012,375.48999,372.100006,373.98999,367.328827,2323200,122.559998,123.440002,122.400002,123.260002,116.015221,839580,1,1,0
2019-06-25,25,6,2019,Tuesday,2,374.75,375.25,368.029999,369.320007,362.742035,3005400,122.599998,125.239998,122.599998,125.18,117.822372,1068534,0,1,0
2019-06-26,26,6,2019,Wednesday,3,371.019989,378.980011,370.0,374.940002,368.261932,4542000,125.0,126.0,124.5,125.540001,118.161217,1028633,1,1,0
2019-06-27,27,6,2019,Thursday,4,367.540009,369.929993,362.350006,364.019989,357.536407,8980000,125.5,125.760002,123.82,123.879997,116.598785,995489,0,0,0
2019-06-28,28,6,2019,Friday,5,363.920013,366.230011,361.570007,364.01001,357.526611,4737100,123.660004,125.0,123.220001,124.68,117.351761,1108817,1,1,0
2019-07-01,1,7,2019,Monday,1,364.880005,365.230011,353.320007,356.459991,350.111084,6392600,123.5,126.080002,123.5,124.300003,116.994095,849429,0,1,0
2019-07-02,2,7,2019,Tuesday,2,355.630005,356.779999,352.690002,354.160004,347.852051,3774700,122.900002,124.279999,122.599998,123.959999,116.67408,1028534,0,1,0
2019-07-03,3,7,2019,Wednesday,3,354.5,354.850006,352.26001,354.470001,348.156494,2164900,124.279999,126.040001,123.82,125.639999,118.255341,675445,0,1,0
2019-07-05,5,7,2019,Friday,5,354.0,357.25,351.429993,355.859985,349.521729,3208200,124.540001,125.199997,123.699997,124.580002,117.257645,724073,1,1,0
2019-07-08,8,7,2019,Monday,1,350.410004,352.959991,349.399994,351.119995,344.86615,3262300,124.199997,124.419998,123.0,123.919998,116.636429,788487,1,0,0
2019-07-09,9,7,2019,Tuesday,2,349.049988,353.850006,347.899994,353.089996,346.801117,4828200,124.080002,124.720001,123.300003,124.099998,116.805855,666957,1,1,0
2019-07-10,10,7,2019,Wednesday,3,354.48999,356.519989,351.25,352.299988,346.025146,2946700,124.839996,127.620003,124.5,125.839996,118.443573,1016895,0,1,0
2019-07-11,11,7,2019,Thursday,4,352.619995,359.26001,350.700012,359.0,352.605835,5059200,126.220001,127.099998,125.739998,125.980003,118.575356,727473,1,0,0
2019-07-12,12,7,2019,Friday,5,360.0,365.450012,358.140015,365.329987,358.823059,3592800,126.279999,128.039993,125.120003,127.68,120.17543,1023854,1,1,0
2019-07-15,15,7,2019,Monday,1,360.5,362.850006,359.019989,361.609985,355.169312,4814600,128.580002,129.899994,128.139999,129.199997,121.606087,973647,1,1,0
2019-07-16,16,7,2019,Tuesday,2,361.26001,365.350006,361.200012,362.75,356.289032,2960400,128.880005,131.419998,128.479996,131.139999,123.432076,1035676,1,1,0
2019-07-17,17,7,2019,Wednesday,3,362.75,369.75,362.0,369.519989,362.938446,4010000,130.960007,132.320007,130.880005,131.960007,124.203873,1084788,1,1,0
2019-07-18,18,7,2019,Thursday,4,367.600006,368.450012,359.75,361.109985,354.678253,4582800,131.479996,132.919998,130.179993,132.100006,124.335655,918163,0,1,0
2019-07-19,19,7,2019,Friday,5,370.670013,378.399994,368.5,377.359985,370.638794,9504000,132.440002,133.860001,131.039993,131.5,123.770897,1110654,1,0,1
2019-07-22,22,7,2019,Monday,1,376.940002,382.480011,371.890015,373.420013,366.769043,4265100,131.199997,131.679993,130.380005,130.759995,123.074394,909190,0,0,0
2019-07-23,23,7,2019,Tuesday,2,374.269989,376.429993,370.679993,373.070007,366.425232,3354900,131.380005,133.259995,131.360001,132.619995,124.825066,1151374,0,1,0
2019-07-24,24,7,2019,Wednesday,3,370.279999,371.359985,360.029999,361.429993,354.992554,7447900,132.639999,133.360001,131.5,131.960007,124.203873,891454,0,0,0
2019-07-25,25,7,2019,Thursday,4,356.179993,357.690002,345.709991,348.089996,341.890137,9663700,132.339996,133.380005,129.919998,130.5,122.829681,1303089,0,0,1
2019-07-26,26,7,2019,Friday,5,346.200012,348.429993,342.0,345.0,338.855194,4441100,131.520004,131.800003,130.820007,131.0,123.300293,787658,0,0,0
2019-07-29,29,7,2019,Monday,1,344.98999,346.079987,339.109985,340.209991,334.150513,4116600,130.440002,131.320007,130.080002,130.080002,122.434372,767765,0,0,0
2019-07-30,30,7,2019,Tuesday,2,339.839996,347.48999,336.559998,347.459991,341.271362,4528000,130.160004,130.419998,127.400002,127.720001,120.213081,1259431,1,0,0
2019-07-31,31,7,2019,Wednesday,3,348.48999,351.290009,341.049988,341.179993,335.10321,5219700,130.0,130.5,126.739998,128.059998,120.533096,1547913,0,0,0
2019-08-01,1,8,2019,Thursday,4,341.910004,344.290009,333.0,334.290009,328.335938,6465300,128.080002,129.979996,127.620003,129.419998,121.813164,1296566,0,1,0
2019-08-02,2,8,2019,Friday,5,334.559998,340.540009,332.320007,339.559998,333.512085,4675400,126.400002,126.720001,122.959999,123.339996,116.090515,2475378,1,0,0
2019-08-05,5,8,2019,Monday,1,332.459991,333.369995,326.959991,331.059998,325.163483,5876100,122.720001,123.199997,120.0,120.699997,113.605682,2089151,0,0,0
2019-08-06,6,8,2019,Tuesday,2,333.98999,335.700012,329.140015,332.450012,326.528748,3653300,120.919998,121.940002,119.919998,119.919998,112.871529,1618056,0,0,0
2019-08-07,7,8,2019,Wednesday,3,328.600006,333.649994,324.570007,331.380005,325.477783,4187600,120.82,123.059998,120.139999,122.0,114.829277,1497201,1,1,0
2019-08-08,8,8,2019,Thursday,4,331.299988,336.429993,328.859985,336.350006,332.420685,3673000,124.019997,127.160004,123.279999,127.160004,119.685997,1539909,1,1,0
2019-08-09,9,8,2019,Friday,5,334.059998,339.079987,333.170013,337.549988,333.606659,3102900,126.599998,126.599998,124.5,125.120003,117.765892,993641,1,0,0
2019-08-12,12,8,2019,Monday,1,333.679993,336.01001,331.369995,332.940002,329.050537,2683400,126.0,127.379997,124.860001,125.199997,117.841187,728771,0,0,0
2019-08-13,13,8,2019,Tuesday,2,331.820007,337.399994,330.5,332.859985,328.971466,3689700,124.160004,127.099998,123.279999,126.580002,119.140091,1356044,1,1,0
2019-08-14,14,8,2019,Wednesday,3,328.350006,329.540009,320.410004,320.420013,316.676819,5110400,126.18,126.199997,121.540001,121.839996,114.67868,1330499,0,0,0
2019-08-15,15,8,2019,Thursday,4,323.0,328.070007,319.549988,328.0,324.168243,4721800,122.400002,123.720001,120.279999,122.400002,115.205772,1055062,1,0,0
2019-08-16,16,8,2019,Friday,5,330.220001,331.160004,326.480011,330.450012,326.58963,3866600,123.220001,123.739998,121.660004,123.019997,115.78933,1119050,1,0,0
2019-08-19,19,8,2019,Monday,1,334.179993,335.910004,331.399994,333.779999,329.880737,2335600,124.260002,126.540001,124.099998,124.779999,117.445885,950546,0,1,0
2019-08-20,20,8,2019,Tuesday,2,332.470001,333.5,328.880005,331.75,327.874451,2039000,124.199997,126.800003,124.0,126.199997,118.782425,999387,0,1,0
2019-08-21,21,8,2019,Wednesday,3,335.480011,342.579987,333.209991,339.98999,336.018158,3265600,126.5,128.300003,126.239998,128.0,120.476624,698994,1,1,0
2019-08-22,22,8,2019,Thursday,4,342.429993,356.440002,341.01001,354.410004,350.269745,8320900,127.839996,127.839996,124.260002,124.419998,117.10704,1018327,1,0,0
2019-08-23,23,8,2019,Friday,5,355.350006,369.690002,354.350006,356.01001,351.851044,11518700,124.860001,125.400002,122.620003,122.620003,115.412842,1109352,1,0,1
2019-08-26,26,8,2019,Monday,1,365.040009,367.339996,356.890015,359.040009,354.845642,4661100,122.199997,123.559998,121.559998,122.839996,115.619904,620473,0,1,0
2019-08-27,27,8,2019,Tuesday,2,359.420013,361.309998,353.619995,354.730011,350.585999,3740300,122.940002,123.199997,121.760002,122.559998,115.356361,797067,0,0,0
2019-08-28,28,8,2019,Wednesday,3,353.309998,360.190002,351.179993,359.970001,355.764771,2402000,122.199997,122.440002,120.480003,121.599998,114.452782,645687,1,0,0
2019-08-29,29,8,2019,Thursday,4,363.850006,366.040009,360.170013,362.73999,358.50238,2717500,121.400002,125.400002,121.120003,125.279999,117.916489,973076,0,1,0
2019-08-30,30,8,2019,Friday,5,364.369995,366.369995,362.399994,364.089996,359.836639,3147000,125.580002,126.199997,125.139999,125.339996,117.972969,899281,0,0,0
2019-09-03,3,9,2019,Tuesday,2,354.109985,355.320007,350.609985,354.420013,350.279633,4272200,125.519997,125.639999,123.279999,124.620003,117.295288,619706,1,0,0
2019-09-04,4,9,2019,Wednesday,3,357.679993,358.029999,354.429993,356.529999,352.36496,2737100,125.599998,126.339996,124.959999,126.199997,118.782425,638872,0,1,0
2019-09-05,5,9,2019,Thursday,4,360.140015,364.709991,359.130005,360.299988,356.090912,3643300,127.0,128.779999,126.720001,127.32,119.836594,811224,1,1,0
2019-09-06,6,9,2019,Friday,5,361.609985,364.910004,359.119995,363.0,358.759369,3022600,127.0,127.720001,126.160004,126.599998,119.158913,840371,1,0,0
2019-09-09,9,9,2019,Monday,1,357.980011,360.929993,354.730011,358.779999,354.588654,4183300,126.540001,127.019997,125.660004,126.839996,119.384804,752032,1,1,0
2019-09-10,10,9,2019,Tuesday,2,359.0,369.48999,358.549988,369.48999,365.173553,4547200,126.5,126.980003,122.220001,122.300003,115.111656,1316005,1,0,0
2019-09-11,11,9,2019,Wednesday,3,368.73999,383.5,368.0,382.940002,378.466431,8437000,123.040001,123.720001,122.339996,123.5,116.241119,840873,1,1,0
2019-09-12,12,9,2019,Thursday,4,383.709991,384.0,374.309998,375.630005,371.241852,4495300,124.139999,126.580002,123.5,124.82,117.483528,1155604,0,1,0
2019-09-13,13,9,2019,Friday,5,377.390015,381.75,377.049988,379.76001,375.323578,3628900,124.959999,126.080002,124.260002,125.5,118.123558,1176707,1,1,0
2019-09-16,16,9,2019,Monday,1,378.140015,381.630005,375.0,378.850006,374.424194,3055500,121.0,122.059998,118.720001,121.239998,114.113953,1617882,1,1,0
2019-09-17,17,9,2019,Tuesday,2,378.410004,385.309998,377.799988,384.200012,379.711731,3269500,121.0,122.199997,120.519997,121.959999,114.791634,982862,1,1,0
2019-09-18,18,9,2019,Wednesday,3,383.25,386.73999,379.799988,386.410004,381.895905,4186400,121.900002,122.82,121.199997,122.82,115.601089,983968,1,1,0
2019-09-19,19,9,2019,Thursday,4,386.140015,388.519989,382.899994,384.440002,379.948914,2928800,122.5,124.080002,122.199997,124.080002,116.787025,857922,0,1,0
2019-09-20,20,9,2019,Friday,5,384.109985,384.730011,377.920013,379.390015,374.957916,6643000,123.480003,123.699997,119.620003,120.099998,113.040955,3206085,0,0,0
2019-09-23,23,9,2019,Monday,1,376.609985,380.100006,374.420013,377.029999,372.625458,2674900,120.199997,120.879997,117.5,119.800003,112.758591,1406075,1,0,0
2019-09-24,24,9,2019,Tuesday,2,379.540009,381.890015,375.309998,381.649994,377.191498,3533300,119.879997,120.040001,117.800003,118.800003,111.817368,998744,1,0,0
2019-09-25,25,9,2019,Wednesday,3,384.910004,391.0,383.100006,386.200012,381.688354,4705500,118.199997,120.959999,117.879997,120.959999,113.85041,1277126,1,1,0
2019-09-26,26,9,2019,Thursday,4,387.100006,388.230011,383.329987,386.890015,382.3703,2520400,120.440002,121.459999,119.059998,119.540001,112.51387,1048743,0,0,0
2019-09-27,27,9,2019,Friday,5,388.190002,389.690002,381.309998,382.859985,378.38736,2730800,119.800003,120.0,118.339996,119.0,112.005615,1304700,0,0,0
2019-09-30,30,9,2019,Monday,1,383.0,383.769989,376.690002,380.470001,376.025269,3183300,119.360001,119.559998,118.32,119.199997,112.193848,1268603,0,0,0
2019-10-01,1,10,2019,Tuesday,2,381.700012,382.850006,374.630005,374.940002,370.559906,2943800,120.0,120.360001,116.160004,116.739998,109.878448,1419321,0,0,0
2019-10-02,2,10,2019,Wednesday,3,371.850006,372.98999,363.769989,367.359985,363.06842,3698300,116.760002,117.160004,114.360001,114.360001,107.638336,1574583,0,0,0
2019-10-03,3,10,2019,Thursday,4,366.209991,372.25,363.230011,372.070007,367.723419,2623900,117.300003,119.959999,117.300003,119.220001,112.212685,2224977,1,1,0
2019-10-04,4,10,2019,Friday,5,372.25,376.130005,371.720001,375.700012,371.311005,2008400,119.879997,119.980003,117.239998,117.779999,110.857315,1239220,1,0,0
2019-10-07,7,10,2019,Monday,1,374.059998,378.149994,373.059998,376.540009,372.141205,1931800,117.779999,117.779999,116.18,117.220001,110.330238,789409,1,0,0
2019-10-08,8,10,2019,Tuesday,2,371.049988,377.339996,368.640015,374.100006,369.729706,4030200,117.940002,120.220001,117.360001,117.699997,110.782021,1331108,1,0,0
2019-10-09,9,10,2019,Wednesday,3,376.0,377.859985,373.5,374.959991,370.579651,2774100,117.5,118.0,115.279999,117.379997,110.480827,1063658,0,0,0
2019-10-10,10,10,2019,Thursday,4,373.700012,374.540009,370.329987,371.0,366.665924,2723700,117.040001,117.959999,115.400002,117.919998,110.98909,947625,0,1,0
2019-10-11,11,10,2019,Friday,5,373.0,376.940002,370.079987,374.920013,370.540161,3935400,117.540001,119.519997,116.800003,118.879997,111.892662,1192461,1,1,0
2019-10-14,14,10,2019,Monday,1,374.25,378.700012,372.679993,373.179993,368.820435,2124500,118.279999,118.900002,117.620003,118.300003,111.346756,647740,0,1,0
2019-10-15,15,10,2019,Tuesday,2,372.579987,373.529999,370.529999,370.959991,366.626373,2836600,119.440002,120.779999,118.919998,119.440002,112.419746,1194631,0,0,0
2019-10-16,16,10,2019,Wednesday,3,370.220001,377.420013,369.23999,372.429993,368.079193,3657100,119.099998,119.900002,118.32,119.32,112.306801,844506,1,1,0
2019-10-17,17,10,2019,Thursday,4,372.420013,373.799988,369.059998,369.059998,364.748596,2397100,119.519997,121.379997,119.019997,119.839996,112.796227,1169680,0,1,0
2019-10-18,18,10,2019,Friday,5,369.0,369.350006,344.0,344.0,339.981323,13544300,119.800003,120.5,119.160004,120.400002,113.323318,1178061,0,1,1
2019-10-21,21,10,2019,Monday,1,332.890015,334.23999,324.399994,331.059998,327.192505,15493100,120.379997,122.18,119.480003,122.0,114.829277,1082580,0,1,1
2019-10-22,22,10,2019,Tuesday,2,336.070007,341.480011,334.459991,337.0,333.06311,7949700,121.980003,122.580002,121.519997,121.860001,114.69751,1191168,1,0,0
2019-10-23,23,10,2019,Wednesday,3,345.0,350.799988,336.5,340.5,336.522217,10960800,120.699997,120.82,118.959999,120.160004,113.097435,1055759,0,0,1
2019-10-24,24,10,2019,Thursday,4,341.700012,345.73999,337.769989,344.549988,340.524872,5382700,120.5,122.580002,120.260002,122.260002,115.074005,849238,1,1,0
2019-10-25,25,10,2019,Friday,5,342.920013,343.369995,338.899994,339.829987,335.860046,4058000,123.0,123.760002,122.160004,123.519997,116.259933,699180,0,1,0
2019-10-28,28,10,2019,Monday,1,341.5,344.980011,339.48999,340.880005,336.897766,3234500,123.800003,125.220001,123.239998,124.68,117.351761,914618,0,1,0
2019-10-29,29,10,2019,Tuesday,2,340.190002,349.720001,339.220001,348.929993,344.853729,6113600,125.18,128.179993,124.540001,125.760002,118.368279,1827547,1,1,0
2019-10-30,30,10,2019,Wednesday,3,346.630005,350.0,343.269989,346.059998,342.017242,3997600,122.0,129.979996,121.639999,129.979996,122.340248,2393868,0,1,0
2019-10-31,31,10,2019,Thursday,4,344.700012,346.059998,339.450012,339.910004,335.939117,3868400,129.979996,130.360001,128.139999,128.419998,120.871933,1987720,0,0,0
2019-11-01,1,11,2019,Friday,5,340.589996,345.190002,339.5,345.190002,341.15744,3538200,129.199997,130.360001,128.139999,129.979996,122.340248,1372617,1,1,0
2019-11-04,4,11,2019,Monday,1,346.459991,351.450012,346.049988,351.089996,346.988495,3703000,130.380005,132.199997,130.039993,130.839996,123.149704,1231104,1,1,0
2019-11-05,5,11,2019,Tuesday,2,355.230011,361.609985,353.190002,358.290009,354.104401,5468900,130.880005,130.880005,128.600006,130.119995,122.472015,1098427,1,0,0
2019-11-06,6,11,2019,Wednesday,3,358.859985,359.399994,353.130005,354.190002,350.052307,3815700,129.979996,131.440002,129.320007,131.039993,123.337936,1034298,0,1,0
2019-11-07,7,11,2019,Thursday,4,356.119995,359.399994,355.049988,357.309998,355.196686,2834500,131.259995,132.559998,131.179993,132.279999,124.505066,1033920,1,1,0
2019-11-08,8,11,2019,Friday,5,356.399994,357.0,350.549988,351.0,348.924011,3218200,131.580002,132.960007,130.899994,132.960007,125.145096,1001098,0,1,0
2019-11-11,11,11,2019,Monday,1,349.040009,369.75,345.559998,366.959991,364.789612,11483400,132.539993,133.899994,132.5,132.860001,125.050964,717859,1,1,1
2019-11-12,12,11,2019,Tuesday,2,366.48999,367.109985,360.01001,362.880005,360.733734,5769700,133.199997,135.240005,132.639999,134.679993,126.763992,1117643,0,1,0
2019-11-13,13,11,2019,Wednesday,3,361.869995,366.619995,361.119995,362.5,360.355988,3453700,134.800003,135.559998,134.160004,135.5,127.535805,1005889,1,1,0
2019-11-14,14,11,2019,Thursday,4,363.100006,368.480011,361.480011,367.440002,365.266785,5339600,135.860001,136.779999,135.0,135.860001,127.874649,685658,1,0,0
2019-11-15,15,11,2019,Friday,5,370.0,373.480011,369.299988,371.679993,369.481689,5493100,136.679993,137.320007,135.619995,136.399994,128.382904,1126477,1,0,0
2019-11-18,18,11,2019,Monday,1,371.670013,375.600006,367.899994,369.459991,367.274811,3823800,136.259995,136.559998,133.740005,134.399994,126.500443,1076652,0,0,0
2019-11-19,19,11,2019,Tuesday,2,373.51001,374.829987,361.609985,367.0,364.829376,6670200,134.699997,136.660004,134.699997,135.300003,127.347557,820254,0,1,0
2019-11-20,20,11,2019,Wednesday,3,366.0,370.98999,365.75,370.910004,368.716248,3774800,134.820007,135.800003,134.660004,135.100006,127.159317,756966,1,1,0
2019-11-21,21,11,2019,Thursday,4,369.75,370.76001,366.26001,366.440002,364.272675,2703800,134.820007,135.360001,133.699997,134.039993,126.161606,1012179,0,0,0
2019-11-22,22,11,2019,Friday,5,368.269989,373.549988,366.609985,371.339996,369.143707,3915700,133.960007,135.080002,133.539993,133.699997,125.841606,710551,1,0,0
2019-11-25,25,11,2019,Monday,1,372.519989,374.299988,369.200012,373.130005,370.923126,3324400,134.0,134.800003,133.619995,134.580002,126.669876,766245,1,1,0
2019-11-26,26,11,2019,Tuesday,2,373.660004,374.769989,371.359985,373.51001,371.300873,2859000,134.199997,135.720001,134.100006,135.679993,127.7052,1458490,0,1,0
2019-11-27,27,11,2019,Wednesday,3,369.959991,371.829987,366.799988,368.0,365.823456,4145000,136.139999,136.199997,133.679993,133.940002,126.067505,869935,0,0,0
2019-11-29,29,11,2019,Friday,5,367.5,368.299988,366.179993,366.179993,364.014221,1390900,132.699997,133.5,131.679993,133.399994,125.559235,1529398,0,1,0
2019-12-02,2,12,2019,Monday,1,367.079987,367.380005,355.160004,355.179993,353.079285,4794500,133.860001,134.399994,129.779999,129.779999,122.152,1991605,0,0,0
2019-12-03,3,12,2019,Tuesday,2,352.089996,355.559998,347.609985,352.079987,349.99762,4683500,130.0,130.300003,124.059998,124.059998,116.768204,2874629,0,0,0
2019-12-04,4,12,2019,Wednesday,3,354.700012,355.290009,348.820007,348.839996,346.776764,3014200,124.660004,128.380005,124.5,127.980003,120.457802,2347993,0,1,0
2019-12-05,5,12,2019,Thursday,4,350.220001,350.420013,345.589996,345.679993,343.635468,4719600,127.599998,127.879997,126.860001,127.0,119.5354,1298325,0,0,0
2019-12-06,6,12,2019,Friday,5,347.73999,354.399994,347.109985,354.089996,351.995728,2856100,127.279999,128.279999,126.199997,127.040001,119.573044,1126397,1,0,0
2019-12-09,9,12,2019,Monday,1,352.670013,353.600006,349.570007,351.209991,349.132751,2844600,126.900002,127.059998,124.620003,124.940002,117.596481,1309613,0,0,0
2019-12-10,10,12,2019,Tuesday,2,350.149994,351.399994,347.450012,347.899994,345.842346,2920900,124.459999,124.599998,122.519997,124.220001,116.9188,1488075,0,0,0
2019-12-11,11,12,2019,Wednesday,3,342.100006,350.029999,338.5,350.0,347.929932,7369100,123.440002,124.379997,123.040001,124.0,116.711723,1122774,1,1,0
2019-12-12,12,12,2019,Thursday,4,348.25,351.070007,341.0,346.290009,344.241882,5970000,124.400002,125.220001,123.0,124.160004,116.862328,1330270,0,0,0
2019-12-13,13,12,2019,Friday,5,346.299988,349.309998,341.100006,341.670013,339.6492,4526300,126.839996,127.360001,124.839996,125.900002,118.500053,1716714,0,0,0
2019-12-16,16,12,2019,Monday,1,328.529999,336.230011,326.429993,327.0,325.065948,16488200,127.0,129.320007,126.559998,129.220001,121.624924,1551759,0,1,1
2019-12-17,17,12,2019,Tuesday,2,322.059998,330.950012,320.609985,327.0,325.065948,13526400,131.199997,132.0,129.139999,131.5,123.770897,2058897,1,1,1
2019-12-18,18,12,2019,Wednesday,3,328.720001,335.25,328.140015,330.679993,328.724182,7029300,131.479996,132.240005,130.360001,130.720001,123.036751,1724054,1,0,0
2019-12-19,19,12,2019,Thursday,4,332.899994,334.809998,330.980011,333.5,331.527496,5492600,130.839996,130.880005,129.520004,130.820007,123.130882,1293684,1,0,0
2019-12-20,20,12,2019,Friday,5,334.619995,335.5,328.0,328.0,326.060028,9489400,130.740005,132.5,130.160004,131.880005,124.128578,2250131,0,1,1
2019-12-23,23,12,2019,Monday,1,336.75,340.589996,334.200012,337.549988,335.553558,9534800,132.199997,133.279999,131.199997,132.779999,124.97567,779143,1,1,1
2019-12-24,24,12,2019,Tuesday,2,339.51001,339.75,332.619995,333.0,331.030457,4120100,133.139999,133.539993,132.320007,133.139999,125.314514,214381,0,0,0
2019-12-27,27,12,2019,Friday,5,330.200012,333.649994,329.170013,330.140015,328.187408,4124000,133.479996,134.880005,132.759995,133.279999,125.446274,693498,0,0,0
2019-12-30,30,12,2019,Monday,1,330.5,330.630005,325.709991,326.399994,324.469513,4525500,133.119995,133.419998,129.960007,130.0,122.359062,847345,0,0,0
