Date,Day,Month,Year,dayName,dayOfWeek,Open_BA,Close_BA,Volume_BA,Open_AIR,Close_AIR,Volume_AIR,Performance_BA,Performance_AIR,Event
01-10-2018,1,10,2018,Monday,1,375.160004,382.290009,4755700,108.68,107.400002,824742,1,0,0
02-10-2018,2,10,2018,Tuesday,2,380.850006,386.369995,4622600,106.300003,105.68,1403390,1,0,0
03-10-2018,3,10,2018,Wednesday,3,388.899994,392.299988,4794300,106.239998,107.059998,1167252,1,1,0
04-10-2018,4,10,2018,Thursday,4,390.73999,389.98999,3822300,106.739998,105.260002,1429096,0,0,0
05-10-2018,5,10,2018,Friday,5,389,386.470001,2899700,105.599998,104,1067060,0,0,0
08-10-2018,8,10,2018,Monday,1,383.839996,385.769989,3324000,104.339996,103.620003,1659963,1,0,0
09-10-2018,9,10,2018,Tuesday,2,384.369995,385.440002,2862700,103.760002,102.5,1306812,1,0,0
10-10-2018,10,10,2018,Wednesday,3,382.959991,367.470001,6033100,102.699997,98.989998,1831247,0,0,0
11-10-2018,11,10,2018,Thursday,4,363.440002,358.109985,6266800,97.019997,97.330002,3507915,0,1,0
12-10-2018,12,10,2018,Friday,5,366.01001,360.109985,5509700,99,100.260002,2510746,0,1,0
15-10-2018,15,10,2018,Monday,1,359.459991,358.880005,2979800,99.139999,97.809998,1822785,0,0,0
16-10-2018,16,10,2018,Tuesday,2,360.450012,368.25,2822500,97.800003,101.720001,1877647,1,1,0
17-10-2018,17,10,2018,Wednesday,3,368,365.5,2238200,102.239998,100.860001,1286634,0,0,0
18-10-2018,18,10,2018,Thursday,4,364.820007,359.350006,3254900,100.279999,99.309998,1630849,0,0,0
19-10-2018,19,10,2018,Friday,5,359.799988,356.26001,3491600,99.790001,97.949997,2488856,0,0,0
22-10-2018,22,10,2018,Monday,1,357.850006,355.980011,2263500,98.339996,96.309998,1441080,0,0,0
23-10-2018,23,10,2018,Tuesday,2,349.5,350.049988,4389600,96.5,94.139999,2542403,1,0,0
24-10-2018,24,10,2018,Wednesday,3,361.589996,354.649994,8442600,95.260002,95.309998,2651513,0,1,0
25-10-2018,25,10,2018,Thursday,4,357.299988,363.769989,4003500,95.019997,97.940002,2271247,1,1,0
26-10-2018,26,10,2018,Friday,5,360.700012,359.269989,4073000,96.879997,96.150002,3184210,0,0,0
29-10-2018,29,10,2018,Monday,1,360.549988,335.589996,7462000,95.389999,95.830002,1467805,0,1,1
30-10-2018,30,10,2018,Tuesday,2,330.350006,349.910004,5774000,96.480003,93.900002,2644992,1,0,0
31-10-2018,31,10,2018,Wednesday,3,352.51001,354.859985,4175600,96.25,97.709999,3915169,1,1,0
01-11-2018,1,11,2018,Thursday,4,357.470001,363.070007,3760700,97.639999,96.5,1878563,1,0,0
02-11-2018,2,11,2018,Friday,5,366.970001,357.75,4029800,97.290001,95.610001,1694118,0,0,0
05-11-2018,5,11,2018,Monday,1,359.76001,361.980011,2253900,96.010002,95.379997,1217718,1,0,0
06-11-2018,6,11,2018,Tuesday,2,362.410004,366.470001,2471900,96,95.849998,1340977,1,0,0
07-11-2018,7,11,2018,Wednesday,3,367.640015,372.019989,4015300,96.400002,96.089996,1152082,1,0,0
08-11-2018,8,11,2018,Thursday,4,369.329987,370.769989,2751800,96.089996,95.650002,1182886,1,0,0
09-11-2018,9,11,2018,Friday,5,367.829987,369.339996,2590300,95.449997,94.68,1236728,1,0,0
12-11-2018,12,11,2018,Monday,1,370.209991,357.029999,3088700,94.900002,94.389999,973198,0,0,0
13-11-2018,13,11,2018,Tuesday,2,349.549988,349.51001,4960000,94.57,96.419998,1377906,0,1,0
14-11-2018,14,11,2018,Wednesday,3,352.089996,344.720001,3445800,95.879997,95.529999,1460615,0,0,0
15-11-2018,15,11,2018,Thursday,4,341.119995,341.570007,4863000,96.360001,93.860001,1396280,1,0,0
16-11-2018,16,11,2018,Friday,5,339,335.950012,4425200,94.580002,92.889999,1497327,0,0,0
19-11-2018,19,11,2018,Monday,1,335.549988,320.940002,6782800,92.900002,92.57,1260960,0,0,0
20-11-2018,20,11,2018,Tuesday,2,302.100006,317.700012,6875900,91.559998,91.07,1772439,1,0,0
21-11-2018,21,11,2018,Wednesday,3,325.070007,317.320007,4401000,91.980003,93.169998,1473760,0,1,0
23-11-2018,23,11,2018,Friday,5,315,312.320007,1599400,92.139999,93.410004,901392,0,1,0
26-11-2018,26,11,2018,Monday,1,315.559998,316.359985,3362300,94.199997,93.580002,1261680,1,0,0
27-11-2018,27,11,2018,Tuesday,2,315.279999,318.029999,2946400,93.830002,93.699997,1306476,1,0,0
28-11-2018,28,11,2018,Wednesday,3,325.720001,333.5,6117600,93.959999,93.5,1231357,1,0,0
29-11-2018,29,11,2018,Thursday,4,335.970001,342.559998,5331900,94,94.860001,1819874,1,1,0
30-11-2018,30,11,2018,Friday,5,341.940002,346.76001,5374000,95.370003,94.620003,1370144,1,0,0
03-12-2018,3,12,2018,Monday,1,364.309998,359.959991,6573400,97.269997,95.699997,1246570,0,0,0
04-12-2018,4,12,2018,Tuesday,2,357,342.5,5199100,95.389999,94.269997,1354279,0,0,0
06-12-2018,6,12,2018,Thursday,4,329.98999,331.899994,9297400,90.940002,88.639999,2054120,1,0,0
07-12-2018,7,12,2018,Friday,5,332.350006,323.220001,4526300,90.050003,89.07,1517734,0,0,0
10-12-2018,10,12,2018,Monday,1,321.269989,326.350006,4400500,88.610001,87.489998,1787443,1,0,0
11-12-2018,11,12,2018,Tuesday,2,333.25,322.029999,3566400,88.080002,88.599998,1605717,0,1,0
12-12-2018,12,12,2018,Wednesday,3,327.380005,326.690002,3424800,89.18,91.480003,2067671,0,1,0
13-12-2018,13,12,2018,Thursday,4,328.399994,325.470001,2247700,91.57,89.970001,1739620,0,0,0
14-12-2018,14,12,2018,Friday,5,322.450012,318.75,3298400,89.290001,88.669998,2106031,0,0,0
17-12-2018,17,12,2018,Monday,1,316.910004,316.130005,4968400,88.43,87.650002,1316386,0,0,0
18-12-2018,18,12,2018,Tuesday,2,325.459991,328.059998,5881100,87.580002,88.650002,1654569,1,1,0
19-12-2018,19,12,2018,Wednesday,3,329.329987,319.549988,4871500,88.830002,87.199997,1731218,0,0,0
20-12-2018,20,12,2018,Thursday,4,317,313.049988,5368600,85.599998,83.330002,3558647,0,0,0
21-12-2018,21,12,2018,Friday,5,309.089996,304.549988,7641700,82.75,83.099998,3670837,0,1,0
24-12-2018,24,12,2018,Monday,1,300.649994,294.160004,3435300,81.540001,81.629997,392591,0,1,0
27-12-2018,27,12,2018,Thursday,4,309.040009,317.140015,4341100,82.919998,82.099998,1611466,1,0,0
28-12-2018,28,12,2018,Friday,5,319.73999,316.380005,3725200,82.980003,83.760002,1257945,0,1,0
31-12-2018,31,12,2018,Monday,1,320.5,322.5,3557700,83.830002,83.959999,426473,1,1,0
02-01-2019,2,1,2019,Wednesday,3,316.190002,323.809998,3292200,83.580002,84.169998,1483033,1,1,0
03-01-2019,3,1,2019,Thursday,4,319.48999,310.899994,5705600,83.330002,81.209999,1964509,0,0,0
04-01-2019,4,1,2019,Friday,5,316.690002,327.079987,4448800,82.160004,85.120003,2006859,1,1,0
07-01-2019,7,1,2019,Monday,1,330.519989,328.109985,4030300,85.959999,83.559998,1428948,0,0,0
08-01-2019,8,1,2019,Tuesday,2,334.109985,340.529999,4736500,83.830002,86.650002,2533915,1,1,0
09-01-2019,9,1,2019,Wednesday,3,342.959991,343.829987,4213900,88.5,89.68,2365398,1,1,0
10-01-2019,10,1,2019,Thursday,4,346.51001,352.609985,5358100,89,89.610001,1321653,1,1,0
11-01-2019,11,1,2019,Friday,5,348.559998,352.899994,3158900,89.919998,88.379997,1184652,1,0,0
14-01-2019,14,1,2019,Monday,1,348.200012,350.359985,2476400,87.870003,89.910004,1339132,1,1,0
15-01-2019,15,1,2019,Tuesday,2,352,352.23999,2940900,90.5,92.309998,1870631,1,1,0
16-01-2019,16,1,2019,Wednesday,3,352.5,352.059998,2731100,92.5,92.540001,1383158,0,1,0
17-01-2019,17,1,2019,Thursday,4,350.75,359.089996,4270400,91.699997,91.760002,1196890,1,1,0
18-01-2019,18,1,2019,Friday,5,363.880005,364.730011,4256500,92.449997,93.660004,1498962,1,1,0
22-01-2019,22,1,2019,Tuesday,2,362.859985,357.899994,4336500,94.529999,94.75,1284328,0,1,0
23-01-2019,23,1,2019,Wednesday,3,361.910004,358.609985,2924900,93.970001,93.809998,1313183,0,0,0
24-01-2019,24,1,2019,Thursday,4,358.910004,358.269989,2801300,94.239998,95.919998,1534265,0,1,0
25-01-2019,25,1,2019,Friday,5,362.48999,364.200012,3185600,96,96.510002,1575939,1,1,0
28-01-2019,28,1,2019,Monday,1,360.649994,362.970001,3128900,96.300003,95.419998,986063,1,0,0
29-01-2019,29,1,2019,Tuesday,2,363.070007,364.910004,3202700,95.779999,96.050003,919305,1,1,0
30-01-2019,30,1,2019,Wednesday,3,387.399994,387.720001,12705300,96.300003,99,2213713,1,1,1
31-01-2019,31,1,2019,Thursday,4,387.160004,385.619995,6878500,100,100.220001,2125869,0,1,0
01-02-2019,1,2,2019,Friday,5,386.109985,387.429993,5625700,101.019997,101.120003,1587528,1,1,0
04-02-2019,4,2,2019,Monday,1,388.970001,397,4256600,101.199997,101.400002,986555,1,1,0
05-02-2019,5,2,2019,Tuesday,2,400.75,410.179993,7230400,101.360001,102,1373286,1,1,0
06-02-2019,6,2,2019,Wednesday,3,411.51001,411.109985,5356000,102.019997,102.080002,892011,0,1,0
07-02-2019,7,2,2019,Thursday,4,407.929993,405.170013,5211400,101.120003,99.830002,1491323,0,0,0
08-02-2019,8,2,2019,Friday,5,400,404.910004,4570900,99.830002,99.940002,1262531,1,1,0
11-02-2019,11,2,2019,Monday,1,408.100006,403.950012,3046900,101.900002,102,1314998,0,1,0
12-02-2019,12,2,2019,Tuesday,2,407,410.720001,3263300,102.980003,102.779999,1384956,1,0,0
13-02-2019,13,2,2019,Wednesday,3,412.519989,410.579987,3078700,102.800003,104.379997,1810340,0,1,0
14-02-2019,14,2,2019,Thursday,4,408.929993,409.820007,2724300,108,107.18,3418594,1,0,0
15-02-2019,15,2,2019,Friday,5,412.480011,417.970001,4017300,107.260002,110.980003,2474676,1,1,0
19-02-2019,19,2,2019,Tuesday,2,415.5,416.26001,3051500,111.440002,111.139999,1663311,1,0,0
20-02-2019,20,2,2019,Wednesday,3,417.140015,421.549988,3990100,111.019997,111.120003,1530872,1,1,0
21-02-2019,21,2,2019,Thursday,4,421.579987,417.579987,2880500,111.400002,111.360001,1937817,0,0,0
22-02-2019,22,2,2019,Friday,5,419.700012,424.049988,3132300,111.739998,113.699997,1662516,1,1,0
25-02-2019,25,2,2019,Monday,1,427.48999,426.869995,3276100,113.779999,113.339996,1312486,0,0,0
26-02-2019,26,2,2019,Tuesday,2,426,426.769989,2503700,113,113.120003,1162067,1,1,0
27-02-2019,27,2,2019,Wednesday,3,427.170013,435.440002,4603800,112.580002,113.459999,1255186,1,1,0
28-02-2019,28,2,2019,Thursday,4,438.700012,439.959991,5063100,113.260002,113.599998,1473561,1,1,0
01-03-2019,1,3,2019,Friday,5,446.01001,440.619995,5124200,114.059998,113.900002,1263899,0,0,0
04-03-2019,4,3,2019,Monday,1,443.220001,432.690002,5971000,114.300003,114.019997,1133867,0,0,0
05-03-2019,5,3,2019,Tuesday,2,431.040009,430.119995,2844300,113.5,113.239998,1510042,0,0,0
06-03-2019,6,3,2019,Wednesday,3,429.700012,424.459991,4159400,112.839996,113.720001,1035032,0,1,0
07-03-2019,7,3,2019,Thursday,4,423.359985,422.559998,4893600,113.139999,112.739998,1682374,0,0,0
08-03-2019,8,3,2019,Friday,5,416.769989,422.540009,3794900,110.919998,111.519997,1678207,1,1,0
11-03-2019,11,3,2019,Monday,1,371.269989,400.01001,34742200,112,112.959999,1217340,1,1,1
12-03-2019,12,3,2019,Tuesday,2,384.709991,375.410004,36922600,114.099998,114.580002,1614290,0,1,1
13-03-2019,13,3,2019,Wednesday,3,378.429993,377.140015,32662300,115,116.879997,2334138,0,1,1
14-03-2019,14,3,2019,Thursday,4,374.98999,373.299988,13514100,117.019997,117,1698454,0,0,1
15-03-2019,15,3,2019,Friday,5,370.880005,378.98999,26697700,116.900002,117.68,3463099,1,1,1
18-03-2019,18,3,2019,Monday,1,370,372.279999,13119200,118,118,974655,1,0,1
19-03-2019,19,3,2019,Tuesday,2,371.140015,373.429993,9856100,118.300003,119,1217304,1,1,1
20-03-2019,20,3,2019,Wednesday,3,374.700012,376.160004,8737600,118.720001,117.860001,1651569,1,0,1
21-03-2019,21,3,2019,Thursday,4,374.040009,372.700012,6951000,118.080002,118.559998,991764,0,1,0
22-03-2019,22,3,2019,Friday,5,368.790009,362.170013,10143900,119.440002,114.599998,1548212,0,0,1
25-03-2019,25,3,2019,Monday,1,365,370.459991,7939600,114.019997,114.040001,1607484,1,1,0
26-03-2019,26,3,2019,Tuesday,2,375.579987,370.380005,6479700,114.879997,116.339996,1254958,0,1,0
27-03-2019,27,3,2019,Wednesday,3,371.890015,374.209991,9600000,116.400002,115.480003,1104628,1,0,1
28-03-2019,28,3,2019,Thursday,4,376.600006,374.440002,4921300,115.120003,116.260002,950323,0,1,0
29-03-2019,29,3,2019,Friday,5,376.519989,381.420013,7694700,116.940002,117.900002,1220119,1,1,0
01-04-2019,1,4,2019,Monday,1,385.799988,391.540009,7735700,118.900002,117.760002,962091,1,0,0
02-04-2019,2,4,2019,Tuesday,2,388.5,390.75,6401000,117.839996,117.220001,1368037,1,0,0
03-04-2019,3,4,2019,Wednesday,3,389.679993,384.73999,7350300,118.800003,118.540001,1214807,0,0,0
04-04-2019,4,4,2019,Thursday,4,385.98999,395.859985,9388100,118.639999,117.82,1152087,1,0,1
05-04-2019,5,4,2019,Friday,5,398.070007,391.929993,6857200,118,118.68,1614315,0,1,0
08-04-2019,8,4,2019,Monday,1,376.200012,374.519989,14482600,118.879997,120.739998,1502349,0,1,1
09-04-2019,9,4,2019,Tuesday,2,370.290009,369.040009,7980100,118.800003,118.5,1453576,0,0,0
10-04-2019,10,4,2019,Wednesday,3,368.399994,364.940002,8285000,118.220001,116.5,1420843,0,0,0
11-04-2019,11,4,2019,Thursday,4,364.619995,370.160004,6598400,116.919998,117.5,935093,1,1,0
12-04-2019,12,4,2019,Friday,5,375.75,379.640015,7334600,117.540001,118.599998,935016,1,1,0
15-04-2019,15,4,2019,Monday,1,376.700012,375.459991,3822100,117.779999,117.239998,702766,0,0,0
16-04-2019,16,4,2019,Tuesday,2,376.51001,381.720001,7083800,117,117.919998,900262,1,1,0
17-04-2019,17,4,2019,Wednesday,3,384.100006,377.519989,4424400,117.580002,119.040001,1333637,0,1,0
18-04-2019,18,4,2019,Thursday,4,377.519989,380.070007,4703100,119,120.239998,2066169,1,1,0
23-04-2019,23,4,2019,Tuesday,2,375.540009,374.019989,4894500,120.440002,122.800003,1424239,0,1,0
24-04-2019,24,4,2019,Wednesday,3,377.890015,375.459991,9855100,122.900002,122.199997,882275,0,0,1
25-04-2019,25,4,2019,Thursday,4,376.01001,382.799988,6615000,122.239998,121.900002,891406,1,0,0
26-04-2019,26,4,2019,Friday,5,383.890015,380.790009,4259600,122.400002,121.860001,1018510,0,0,0
29-04-2019,29,4,2019,Monday,1,378.48999,379.049988,5457300,122,123.019997,1069541,1,1,0
30-04-2019,30,4,2019,Tuesday,2,379.5,377.690002,3732800,123.980003,121.879997,1391362,0,0,0
02-05-2019,2,5,2019,Thursday,4,375.5,375.799988,2438800,120.660004,119.980003,1602622,1,0,0
03-05-2019,3,5,2019,Friday,5,376.079987,376.459991,2953800,119.239998,119.559998,919711,1,1,0
06-05-2019,6,5,2019,Monday,1,367.880005,371.600006,4747600,117.019997,119.699997,943587,1,1,0
07-05-2019,7,5,2019,Tuesday,2,366.329987,357.230011,9740300,119.720001,117.540001,1245034,0,0,1
08-05-2019,8,5,2019,Wednesday,3,357.769989,359.75,6030000,117.68,118.800003,1135884,1,1,0
09-05-2019,9,5,2019,Thursday,4,354.76001,354.130005,6075200,117.639999,116.800003,1071567,0,0,0
10-05-2019,10,5,2019,Friday,5,351.869995,354.670013,4574100,117.5,117.5,1146292,1,0,0
13-05-2019,13,5,2019,Monday,1,344.51001,337.369995,7757800,117.040001,115.519997,1187754,0,0,0
14-05-2019,14,5,2019,Tuesday,2,339.899994,343.040009,4747800,117,119,1080454,1,1,0
15-05-2019,15,5,2019,Wednesday,3,339.799988,345.640015,4810000,119.059998,120.879997,1225273,1,1,0
16-05-2019,16,5,2019,Thursday,4,348.640015,353.809998,6036500,120.660004,122.5,1171146,1,1,0
17-05-2019,17,5,2019,Friday,5,351.5,355.019989,5282900,122.459999,121,1346495,1,0,0
20-05-2019,20,5,2019,Monday,1,353,352.790009,3219900,120.720001,119.080002,880698,0,0,0
21-05-2019,21,5,2019,Tuesday,2,358.029999,358.75,4022600,119.459999,118.260002,797261,1,0,0
22-05-2019,22,5,2019,Wednesday,3,357.220001,352.779999,3841400,118.199997,118.220001,841620,0,1,0
23-05-2019,23,5,2019,Thursday,4,345.920013,350.549988,5305400,117.18,114.879997,1292608,1,0,0
24-05-2019,24,5,2019,Friday,5,355,354.899994,5387500,115.580002,116.540001,941761,0,1,0
28-05-2019,28,5,2019,Tuesday,2,355.290009,354.880005,3504300,116.980003,116.32,1121118,0,0,0
29-05-2019,29,5,2019,Wednesday,3,352.589996,348.799988,4160500,115.959999,114.379997,1460847,0,0,0
30-05-2019,30,5,2019,Thursday,4,350,349.869995,2183900,114.599998,115.239998,527329,0,1,0
31-05-2019,31,5,2019,Friday,5,345.850006,341.609985,3217600,113.599998,114.860001,1422449,0,1,0
03-06-2019,3,6,2019,Monday,1,338.200012,338.890015,5148000,113.699997,117.160004,1158939,1,1,0
04-06-2019,4,6,2019,Tuesday,2,342.570007,344.619995,3592300,116.5,118.480003,1259997,1,1,0
05-06-2019,5,6,2019,Wednesday,3,346.220001,348.75,3188400,118.220001,118.699997,1234756,1,1,0
06-06-2019,6,6,2019,Thursday,4,348.179993,350.640015,2582300,119.040001,117.959999,1025038,1,0,0
07-06-2019,7,6,2019,Friday,5,352.299988,353.700012,2470700,118.400002,120.919998,1199498,1,1,0
10-06-2019,10,6,2019,Monday,1,356,353.799988,2560800,121.940002,121.059998,507749,0,0,0
11-06-2019,11,6,2019,Tuesday,2,355.420013,349.329987,2702700,121.5,123.400002,1125280,0,1,0
12-06-2019,12,6,2019,Wednesday,3,349,347.029999,2738300,122.18,122.279999,924062,0,1,0
13-06-2019,13,6,2019,Thursday,4,347.25,348.859985,2621300,122.400002,122.660004,890365,1,1,0
14-06-2019,14,6,2019,Friday,5,348,347.160004,2258400,122.760002,122.419998,873534,0,0,0
17-06-2019,17,6,2019,Monday,1,348.619995,354.899994,3746400,122.839996,125,1368430,1,1,0
18-06-2019,18,6,2019,Tuesday,2,357.609985,373.959991,9199200,124.779999,125.459999,1679579,1,1,1
19-06-2019,19,6,2019,Wednesday,3,375.399994,368.559998,5716000,125.599998,123,1646889,0,0,0
20-06-2019,20,6,2019,Thursday,4,373,374.880005,3794500,123,123.459999,1751922,1,1,0
21-06-2019,21,6,2019,Friday,5,374.390015,371.839996,4923700,123.279999,122.779999,2456772,0,0,0
24-06-2019,24,6,2019,Monday,1,372.950012,373.98999,2323200,122.559998,123.260002,839580,1,1,0
25-06-2019,25,6,2019,Tuesday,2,374.75,369.320007,3005400,122.599998,125.18,1068534,0,1,0
26-06-2019,26,6,2019,Wednesday,3,371.019989,374.940002,4542000,125,125.540001,1028633,1,1,0
27-06-2019,27,6,2019,Thursday,4,367.540009,364.019989,8980000,125.5,123.879997,995489,0,0,0
28-06-2019,28,6,2019,Friday,5,363.920013,364.01001,4737100,123.660004,124.68,1108817,1,1,0
01-07-2019,1,7,2019,Monday,1,364.880005,356.459991,6392600,123.5,124.300003,849429,0,1,0
02-07-2019,2,7,2019,Tuesday,2,355.630005,354.160004,3774700,122.900002,123.959999,1028534,0,1,0
03-07-2019,3,7,2019,Wednesday,3,354.5,354.470001,2164900,124.279999,125.639999,675445,0,1,0
05-07-2019,5,7,2019,Friday,5,354,355.859985,3208200,124.540001,124.580002,724073,1,1,0
08-07-2019,8,7,2019,Monday,1,350.410004,351.119995,3262300,124.199997,123.919998,788487,1,0,0
09-07-2019,9,7,2019,Tuesday,2,349.049988,353.089996,4828200,124.080002,124.099998,666957,1,1,0
10-07-2019,10,7,2019,Wednesday,3,354.48999,352.299988,2946700,124.839996,125.839996,1016895,0,1,0
11-07-2019,11,7,2019,Thursday,4,352.619995,359,5059200,126.220001,125.980003,727473,1,0,0
12-07-2019,12,7,2019,Friday,5,360,365.329987,3592800,126.279999,127.68,1023854,1,1,0
15-07-2019,15,7,2019,Monday,1,360.5,361.609985,4814600,128.580002,129.199997,973647,1,1,0
16-07-2019,16,7,2019,Tuesday,2,361.26001,362.75,2960400,128.880005,131.139999,1035676,1,1,0
17-07-2019,17,7,2019,Wednesday,3,362.75,369.519989,4010000,130.960007,131.960007,1084788,1,1,0
18-07-2019,18,7,2019,Thursday,4,367.600006,361.109985,4582800,131.479996,132.100006,918163,0,1,0
19-07-2019,19,7,2019,Friday,5,370.670013,377.359985,9504000,132.440002,131.5,1110654,1,0,1
22-07-2019,22,7,2019,Monday,1,376.940002,373.420013,4265100,131.199997,130.759995,909190,0,0,0
23-07-2019,23,7,2019,Tuesday,2,374.269989,373.070007,3354900,131.380005,132.619995,1151374,0,1,0
24-07-2019,24,7,2019,Wednesday,3,370.279999,361.429993,7447900,132.639999,131.960007,891454,0,0,0
25-07-2019,25,7,2019,Thursday,4,356.179993,348.089996,9663700,132.339996,130.5,1303089,0,0,1
26-07-2019,26,7,2019,Friday,5,346.200012,345,4441100,131.520004,131,787658,0,0,0
29-07-2019,29,7,2019,Monday,1,344.98999,340.209991,4116600,130.440002,130.080002,767765,0,0,0
30-07-2019,30,7,2019,Tuesday,2,339.839996,347.459991,4528000,130.160004,127.720001,1259431,1,0,0
31-07-2019,31,7,2019,Wednesday,3,348.48999,341.179993,5219700,130,128.059998,1547913,0,0,0
01-08-2019,1,8,2019,Thursday,4,341.910004,334.290009,6465300,128.080002,129.419998,1296566,0,1,0
02-08-2019,2,8,2019,Friday,5,334.559998,339.559998,4675400,126.400002,123.339996,2475378,1,0,0
05-08-2019,5,8,2019,Monday,1,332.459991,331.059998,5876100,122.720001,120.699997,2089151,0,0,0
06-08-2019,6,8,2019,Tuesday,2,333.98999,332.450012,3653300,120.919998,119.919998,1618056,0,0,0
07-08-2019,7,8,2019,Wednesday,3,328.600006,331.380005,4187600,120.82,122,1497201,1,1,0
08-08-2019,8,8,2019,Thursday,4,331.299988,336.350006,3673000,124.019997,127.160004,1539909,1,1,0
09-08-2019,9,8,2019,Friday,5,334.059998,337.549988,3102900,126.599998,125.120003,993641,1,0,0
12-08-2019,12,8,2019,Monday,1,333.679993,332.940002,2683400,126,125.199997,728771,0,0,0
13-08-2019,13,8,2019,Tuesday,2,331.820007,332.859985,3689700,124.160004,126.580002,1356044,1,1,0
14-08-2019,14,8,2019,Wednesday,3,328.350006,320.420013,5110400,126.18,121.839996,1330499,0,0,0
15-08-2019,15,8,2019,Thursday,4,323,328,4721800,122.400002,122.400002,1055062,1,0,0
16-08-2019,16,8,2019,Friday,5,330.220001,330.450012,3866600,123.220001,123.019997,1119050,1,0,0
19-08-2019,19,8,2019,Monday,1,334.179993,333.779999,2335600,124.260002,124.779999,950546,0,1,0
20-08-2019,20,8,2019,Tuesday,2,332.470001,331.75,2039000,124.199997,126.199997,999387,0,1,0
21-08-2019,21,8,2019,Wednesday,3,335.480011,339.98999,3265600,126.5,128,698994,1,1,0
22-08-2019,22,8,2019,Thursday,4,342.429993,354.410004,8320900,127.839996,124.419998,1018327,1,0,0
23-08-2019,23,8,2019,Friday,5,355.350006,356.01001,11518700,124.860001,122.620003,1109352,1,0,1
26-08-2019,26,8,2019,Monday,1,365.040009,359.040009,4661100,122.199997,122.839996,620473,0,1,0
27-08-2019,27,8,2019,Tuesday,2,359.420013,354.730011,3740300,122.940002,122.559998,797067,0,0,0
28-08-2019,28,8,2019,Wednesday,3,353.309998,359.970001,2402000,122.199997,121.599998,645687,1,0,0
29-08-2019,29,8,2019,Thursday,4,363.850006,362.73999,2717500,121.400002,125.279999,973076,0,1,0
30-08-2019,30,8,2019,Friday,5,364.369995,364.089996,3147000,125.580002,125.339996,899281,0,0,0
03-09-2019,3,9,2019,Tuesday,2,354.109985,354.420013,4272200,125.519997,124.620003,619706,1,0,0
04-09-2019,4,9,2019,Wednesday,3,357.679993,356.529999,2737100,125.599998,126.199997,638872,0,1,0
05-09-2019,5,9,2019,Thursday,4,360.140015,360.299988,3643300,127,127.32,811224,1,1,0
06-09-2019,6,9,2019,Friday,5,361.609985,363,3022600,127,126.599998,840371,1,0,0
09-09-2019,9,9,2019,Monday,1,357.980011,358.779999,4183300,126.540001,126.839996,752032,1,1,0
10-09-2019,10,9,2019,Tuesday,2,359,369.48999,4547200,126.5,122.300003,1316005,1,0,0
11-09-2019,11,9,2019,Wednesday,3,368.73999,382.940002,8437000,123.040001,123.5,840873,1,1,0
12-09-2019,12,9,2019,Thursday,4,383.709991,375.630005,4495300,124.139999,124.82,1155604,0,1,0
13-09-2019,13,9,2019,Friday,5,377.390015,379.76001,3628900,124.959999,125.5,1176707,1,1,0
16-09-2019,16,9,2019,Monday,1,378.140015,378.850006,3055500,121,121.239998,1617882,1,1,0
17-09-2019,17,9,2019,Tuesday,2,378.410004,384.200012,3269500,121,121.959999,982862,1,1,0
18-09-2019,18,9,2019,Wednesday,3,383.25,386.410004,4186400,121.900002,122.82,983968,1,1,0
19-09-2019,19,9,2019,Thursday,4,386.140015,384.440002,2928800,122.5,124.080002,857922,0,1,0
20-09-2019,20,9,2019,Friday,5,384.109985,379.390015,6643000,123.480003,120.099998,3206085,0,0,0
23-09-2019,23,9,2019,Monday,1,376.609985,377.029999,2674900,120.199997,119.800003,1406075,1,0,0
24-09-2019,24,9,2019,Tuesday,2,379.540009,381.649994,3533300,119.879997,118.800003,998744,1,0,0
25-09-2019,25,9,2019,Wednesday,3,384.910004,386.200012,4705500,118.199997,120.959999,1277126,1,1,0
26-09-2019,26,9,2019,Thursday,4,387.100006,386.890015,2520400,120.440002,119.540001,1048743,0,0,0
27-09-2019,27,9,2019,Friday,5,388.190002,382.859985,2730800,119.800003,119,1304700,0,0,0
30-09-2019,30,9,2019,Monday,1,383,380.470001,3183300,119.360001,119.199997,1268603,0,0,0
01-10-2019,1,10,2019,Tuesday,2,381.700012,374.940002,2943800,120,116.739998,1419321,0,0,0
02-10-2019,2,10,2019,Wednesday,3,371.850006,367.359985,3698300,116.760002,114.360001,1574583,0,0,0
03-10-2019,3,10,2019,Thursday,4,366.209991,372.070007,2623900,117.300003,119.220001,2224977,1,1,0
04-10-2019,4,10,2019,Friday,5,372.25,375.700012,2008400,119.879997,117.779999,1239220,1,0,0
07-10-2019,7,10,2019,Monday,1,374.059998,376.540009,1931800,117.779999,117.220001,789409,1,0,0
08-10-2019,8,10,2019,Tuesday,2,371.049988,374.100006,4030200,117.940002,117.699997,1331108,1,0,0
09-10-2019,9,10,2019,Wednesday,3,376,374.959991,2774100,117.5,117.379997,1063658,0,0,0
10-10-2019,10,10,2019,Thursday,4,373.700012,371,2723700,117.040001,117.919998,947625,0,1,0
11-10-2019,11,10,2019,Friday,5,373,374.920013,3935400,117.540001,118.879997,1192461,1,1,0
14-10-2019,14,10,2019,Monday,1,374.25,373.179993,2124500,118.279999,118.300003,647740,0,1,0
15-10-2019,15,10,2019,Tuesday,2,372.579987,370.959991,2836600,119.440002,119.440002,1194631,0,0,0
16-10-2019,16,10,2019,Wednesday,3,370.220001,372.429993,3657100,119.099998,119.32,844506,1,1,0
17-10-2019,17,10,2019,Thursday,4,372.420013,369.059998,2397100,119.519997,119.839996,1169680,0,1,0
18-10-2019,18,10,2019,Friday,5,369,344,13544300,119.800003,120.400002,1178061,0,1,1
21-10-2019,21,10,2019,Monday,1,332.890015,331.059998,15493100,120.379997,122,1082580,0,1,1
22-10-2019,22,10,2019,Tuesday,2,336.070007,337,7949700,121.980003,121.860001,1191168,1,0,0
23-10-2019,23,10,2019,Wednesday,3,345,340.5,10960800,120.699997,120.160004,1055759,0,0,1
24-10-2019,24,10,2019,Thursday,4,341.700012,344.549988,5382700,120.5,122.260002,849238,1,1,0
25-10-2019,25,10,2019,Friday,5,342.920013,339.829987,4058000,123,123.519997,699180,0,1,0
28-10-2019,28,10,2019,Monday,1,341.5,340.880005,3234500,123.800003,124.68,914618,0,1,0
29-10-2019,29,10,2019,Tuesday,2,340.190002,348.929993,6113600,125.18,125.760002,1827547,1,1,0
30-10-2019,30,10,2019,Wednesday,3,346.630005,346.059998,3997600,122,129.979996,2393868,0,1,0
31-10-2019,31,10,2019,Thursday,4,344.700012,339.910004,3868400,129.979996,128.419998,1987720,0,0,0
01-11-2019,1,11,2019,Friday,5,340.589996,345.190002,3538200,129.199997,129.979996,1372617,1,1,0
04-11-2019,4,11,2019,Monday,1,346.459991,351.089996,3703000,130.380005,130.839996,1231104,1,1,0
05-11-2019,5,11,2019,Tuesday,2,355.230011,358.290009,5468900,130.880005,130.119995,1098427,1,0,0
06-11-2019,6,11,2019,Wednesday,3,358.859985,354.190002,3815700,129.979996,131.039993,1034298,0,1,0
07-11-2019,7,11,2019,Thursday,4,356.119995,357.309998,2834500,131.259995,132.279999,1033920,1,1,0
08-11-2019,8,11,2019,Friday,5,356.399994,351,3218200,131.580002,132.960007,1001098,0,1,0
11-11-2019,11,11,2019,Monday,1,349.040009,366.959991,11483400,132.539993,132.860001,717859,1,1,1
12-11-2019,12,11,2019,Tuesday,2,366.48999,362.880005,5769700,133.199997,134.679993,1117643,0,1,0
13-11-2019,13,11,2019,Wednesday,3,361.869995,362.5,3453700,134.800003,135.5,1005889,1,1,0
14-11-2019,14,11,2019,Thursday,4,363.100006,367.440002,5339600,135.860001,135.860001,685658,1,0,0
15-11-2019,15,11,2019,Friday,5,370,371.679993,5493100,136.679993,136.399994,1126477,1,0,0
18-11-2019,18,11,2019,Monday,1,371.670013,369.459991,3823800,136.259995,134.399994,1076652,0,0,0
19-11-2019,19,11,2019,Tuesday,2,373.51001,367,6670200,134.699997,135.300003,820254,0,1,0
20-11-2019,20,11,2019,Wednesday,3,366,370.910004,3774800,134.820007,135.100006,756966,1,1,0
21-11-2019,21,11,2019,Thursday,4,369.75,366.440002,2703800,134.820007,134.039993,1012179,0,0,0
22-11-2019,22,11,2019,Friday,5,368.269989,371.339996,3915700,133.960007,133.699997,710551,1,0,0
25-11-2019,25,11,2019,Monday,1,372.519989,373.130005,3324400,134,134.580002,766245,1,1,0
26-11-2019,26,11,2019,Tuesday,2,373.660004,373.51001,2859000,134.199997,135.679993,1458490,0,1,0
27-11-2019,27,11,2019,Wednesday,3,369.959991,368,4145000,136.139999,133.940002,869935,0,0,0
29-11-2019,29,11,2019,Friday,5,367.5,366.179993,1390900,132.699997,133.399994,1529398,0,1,0
02-12-2019,2,12,2019,Monday,1,367.079987,355.179993,4794500,133.860001,129.779999,1991605,0,0,0
03-12-2019,3,12,2019,Tuesday,2,352.089996,352.079987,4683500,130,124.059998,2874629,0,0,0
04-12-2019,4,12,2019,Wednesday,3,354.700012,348.839996,3014200,124.660004,127.980003,2347993,0,1,0
05-12-2019,5,12,2019,Thursday,4,350.220001,345.679993,4719600,127.599998,127,1298325,0,0,0
06-12-2019,6,12,2019,Friday,5,347.73999,354.089996,2856100,127.279999,127.040001,1126397,1,0,0
09-12-2019,9,12,2019,Monday,1,352.670013,351.209991,2844600,126.900002,124.940002,1309613,0,0,0
10-12-2019,10,12,2019,Tuesday,2,350.149994,347.899994,2920900,124.459999,124.220001,1488075,0,0,0
11-12-2019,11,12,2019,Wednesday,3,342.100006,350,7369100,123.440002,124,1122774,1,1,0
12-12-2019,12,12,2019,Thursday,4,348.25,346.290009,5970000,124.400002,124.160004,1330270,0,0,0
13-12-2019,13,12,2019,Friday,5,346.299988,341.670013,4526300,126.839996,125.900002,1716714,0,0,0
16-12-2019,16,12,2019,Monday,1,328.529999,327,16488200,127,129.220001,1551759,0,1,1
17-12-2019,17,12,2019,Tuesday,2,322.059998,327,13526400,131.199997,131.5,2058897,1,1,1
18-12-2019,18,12,2019,Wednesday,3,328.720001,330.679993,7029300,131.479996,130.720001,1724054,1,0,0
19-12-2019,19,12,2019,Thursday,4,332.899994,333.5,5492600,130.839996,130.820007,1293684,1,0,0
20-12-2019,20,12,2019,Friday,5,334.619995,328,9489400,130.740005,131.880005,2250131,0,1,1
23-12-2019,23,12,2019,Monday,1,336.75,337.549988,9534800,132.199997,132.779999,779143,0,1,1
24-12-2019,24,12,2019,Tuesday,2,339.51001,333,4120100,133.139999,133.139999,214381,0,0,0
27-12-2019,27,12,2019,Friday,5,330.200012,330.140015,4124000,133.479996,133.279999,693498,0,0,0
30-12-2019,30,12,2019,Monday,1,330.5,326.399994,4525500,133.119995,130,847345,0,0,0
